material,description,Price,origin,HS-code,weight,,,,,
20-755         QO,CANF Phantom Power Supply P48  2 Chan  A,90,GB,85189000,0,,,,,
2106526        QO,10W 100V Line Transformer,14.7,GB,85189000,0,,,,,
227-910370     QO,Mini Jack 3.5MM,1.55,GB,85189000,0,,,,,
A-1121    UK,PA AMPLIFIER,122.41,ID,8518400090,10.4,,,,,
A-1706    AS,PA AMPLIFIER,181.13,CN,8518408099,12.8,,,,,
A-1706    ER,PA AMPLIFIER,181.13,CN,8518408099,12.8,,,,,
A-1706    UK,PA AMPLIFIER,181.13,CN,8518400090,12.8,,,,,
A-1712    AS,PA AMPLIFIER,205.28,CN,8518408099,16.1,,,,,
A-1712    ER,PA AMPLIFIER,205.28,CN,8518408099,16.1,,,,,
A-1712    UK,PA AMPLIFIER,205.28,CN,8518400090,16.1,,,,,
A-1724    ER,PA AMPLIFIER,291.38,CN,8518408099,17.4,,,,,
A-1724    UK,PA AMPLIFIER,291.38,CN,8518400090,17.4,,,,,
A-1803    UK,PA AMPLIFIER,173.25,CN,8518400090,11.6,,,,,
A-1806    ER,PA AMPLIFIER,210,CN,8518408099,12.9,,,,,
A-1806    UK,PA AMPLIFIER,210,CN,8518400090,12.9,,,,,
A-1812    ER,PA AMPLIFIER,233.63,,,16.1,,,,,
A-1812    UK,PA AMPLIFIER,233.63,CN,8518400090,16.1,,,,,
A-2030    CE-GB,MIXER AMPLIFIER,93.98,ID,8518400090,6,,,,,
A-2030DD-EB 4CEF00,DIGITAL PA AMPLIFIER,104.48,ID,8518400090,4.86,,,,,
A-2060    CE-GB,MIXER AMPLIFIER,120.23,ID,8518400090,8,,,,,
A-2060DD-EB 4CEF00,DIGITAL PA AMPLIFIER,125.48,ID,8518400090,5.53,,,,,
A-2120    CE-GB,MIXER AMPLIFIER,146.48,ID,8518400090,12.1,,,,,
A-2120DD-EB 4CEF00,DIGITAL PA AMPLIFIER,141.23,ID,8518400090,12.1,,,,,
A-2120DD-EB 4CEF01,DIGITAL PA AMPLIFIER,146.48,ID,8518400090,11,,,,,
A-2240    CE-GB,MIXER AMPLIFIER,230.48,ID,8518400090,14.5,,,,,
A-2240DD-EB 4CEF00,DIGITAL PA AMPLIFIER,177.98,ID,8518400090,14.5,,,,,
A-2240DD-EB 4CEF01,DIGITAL PA AMPLIFIER,177.98,ID,8518400090,10.3,,,,,
A-230     CE-GB,PA AMPLIFIER,76.13,ID,8518400090,4.3,,,,,
A-3212DM-EB 4CEF00,DIGITAL MIXER AMPLIFIER,261.98,ID,8518400090,6,,,,,
A-3212DMZ-EB4CEF00,DIGITAL MIXER AMPLIFIER,288.23,ID,8518400090,6,,,,,
A-3212DZ-EB 4CEF00,DIGITAL MIXER AMPLIFIER,209.48,ID,8518400090,6,,,,,
A-3224DM-EB 4CEF00,DIGITAL MIXER AMPLIFIER,288.23,ID,8518400090,6.3,,,,,
A-3224DMZ-EB4CEF00,DIGITAL MIXER AMPLIFIER,314.48,ID,8518400090,6.3,,,,,
A-3224DZ-EB 4CEF00,DIGITAL MIXER AMPLIFIER,235.73,ID,8518400090,6.3,,,,,
A-3248DM-EB 4CEF00,DIGITAL MIXER AMPLIFIER,314.48,ID,8518400090,6.4,,,,,
A-3248DME-EB4CEF00,DIGITAL MIXER AMPLIFIER,340.73,ID,8518400090,6.4,,,,,
A-3248DMZ-EB4CEF00,DIGITAL MIXER AMPLIFIER,340.73,ID,8518400090,6.4,,,,,
A-3248DZ-EB 4CEF00,DIGITAL MIXER AMPLIFIER,288.23,ID,8518400090,4.9,,,,,
A-3506D     4CEE00,MIXER AMPLIFIER,261.98,VN,8518408099,6.65,,,,,
A-3512D     4CEE00,MIXER AMPLIFIER,288.23,VN,8518408099,6.65,,,,,
A-3524D     4CEE00,MIXER AMPLIFIER,314.48,VN,8518408099,6.65,,,,,
A-3548D     4CEE00,MIXER AMPLIFIER,340.73,VN,8518408099,6.8,,,,,
A-3606D     4CEE00,MIXER AMPLIFIER,314.48,VN,8518408099,6.8,,,,,
A-3612D     4CEE00,MIXER AMPLIFIER,340.73,VN,8518408099,6.8,,,,,
A-3624D     4CEE00,MIXER AMPLIFIER,366.98,VN,8518408099,6.8,,,,,
A-3648D     4CEE00,MIXER AMPLIFIER,393.23,VN,8518408099,6.9,,,,,
A-5006      1CEE00,MIXER AMPLIFIER,223.13,VN,8518400090,4.7,,,,,
A-5006      4CED00,MIXER AMPLIFIER,223.13,MY,8518400090,4.7,,,,,
A-5012      1CEE00,MIXER AMPLIFIER,236.25,MY,8518408099,5,,,,,
A-5012      4CED00,MIXER AMPLIFIER,236.25,MY,8518400090,5,,,,,
A-906MK2  HH,PA AMPLIFIER,405.35,CN,8518400090,11,,,,,
A-912MK2  HH,PA AMPLIFIER,465.93,CN,8518400090,12.8,,,,,
ACC-33WS,Foam Windshield for TS33,2.63,TW,3926909790,0,,,,,
ACC-4U-CASE,Trantec 4U 19 325mm Rack Case 7MM Ply,170.63,,4202990090,0,,,,,
ACC-5200-CLIP,Trantec Tie Clip for TS55 Lapel Mic,3.41,SG,85189000,0,,,,,
ACC-5200WS,Foam windshield for MIC-X55 and MIC-SJ55,2.63,SG,3926909790,0,,,,,
ACC-5U-CASE,Trantec 5U 19 325mm Rack Case 7MM Ply,189,,4202990090,0,,,,,
ACC-66WS,Foam windshield for MIC-X66-BK/BL/YE and,3.15,SG,3926909790,0,,,,,
ACC-6U-CASE,Trantec 6U 19 325mm Rack Case 7MM Ply,196.88,GB,4202990090,0,,,,,
ACC-8U-CASE,Trantec 8U 19 325mm Rack Case 7MM Ply,207.38,,4202990090,0,,,,,
ACC-AB1000,Trantec Aerobic Belt for SLTX Beltpack,13.13,TW,8518909000,0,,,,,
ACC-CASEA,ABS Carry Case S4/S5 Series,15.72,TW,3923109090,0,,,,,
ACC-CUBE-CASE,Trantec 5U 1/2 Width x 300mmd 700mm Ply,170.63,,4202990090,0,,,,,
ACC-LP2-CLIP,TIE CLIP,1.58,TW,8518900099,0.003,,,,,
ACC-MSTAND,Trantec Mic Floor Stand,23.63,GB,85189000,0,,,,,
ACC-S2.4,Rack Mount Bracket S2.4,5.25,CN,7326909890,0.3,,,,,
ACC-S5-POUCH,POUCH,15.23,TW,8518900099,0.022,,,,,
ACC-S5B-BATC,BATTERY COMPARTMENT,6.56,TW,8518900099,0.013,,,,,
ACC-S5B-BATD,BATTERY DOOR,1.05,TW,8518900099,0.002,,,,,
ACC-S5B-CLIP,BELT CLIP,2.63,TW,8518900099,0.007,,,,,
ACC-S5RX-MB1,RACK MOUNTING BRACKET,7.88,TW,8302500000,0.4,,,,,
ACC-S5RX-MB2,RACK MOUNTING BRACKET,6.56,TW,7326909890,0.135,,,,,
ACC-S5RX-MB3,RACK MOUNTING BRACKET,18.38,TW,8302500000,0.495,,,,,
ACC-SPLIT-2W-W,Trantec 2Way Antenna Splitter UHF,44.63,TW,85189000,0,,,,,
ACC-TC-BGE,Trantec Beige Tieclip for TS22-P  TS212S,3.15,,8518900099,0,,,,,
ACC-TC-BLK,Tieclip for HM-22B & LM-212B,3.15,,8518900099,0,,,,,
ACC-WS-BGE,Trantec Beige W/Shield for TS22-P  TS21S,1.58,,3926909790,0,,,,,
ACC-WS-BLK,"-R/P-R, MIC-SJ212-B-R/P-R and MIC-X22-B-",1.58,,3926909790,0,,,,,
ACC-X2-CLIP,TIE CLIP,2.1,TW,8487909090,0.005,,,,,
AD-0910   CE,AC ADAPTER,32.81,CN,8504408290,0.389,,,,,
AD-1210P  CE,AC ADAPTER,31.8,CN,8504408290,0.53,,,,,
AD-246    UK,AC ADAPTER,31.5,TW,8504408290,0.44,,,,,
AD-5000-2 UK,AC ADAPTER,31.5,TW,8504408290,0.53,,,,,
AD-5000-6 UK,AC ADAPTER,34.13,TW,8504408290,0.66,,,,,
AFP385         QO,Grey Flush Bezel for ECU-8,18.5,GB,85189000,0,,,,,
AI-300MU       QO,Maintenance Unit for remote access,462.86,GB,8518100090,0,,,,,
AM-1B          B00,REAL-TIME STEERING ARRAY MICROPHONE,1150.8,JP,8518109590,3.86,,,,,
AM-1B          B01,REAL-TIME STEERING ARRAY MICROPHONE,1150.8,JP,8518109590,3.86,,,,,
AM-1CQAM  92200,CONTROL UNIT,443.52,JP,8517620090,0.7,,,,,
AM-1MBQAM 92200,Real Time Steering Array Mic Syst Black,957.88,JP,8518100090,1.45,,,,,
AM-1MWQAM 92200,Real Time Steering Array Mic Syst White,957.88,JP,8518100090,1.45,,,,,
AM-1W          B00,REAL-TIME STEERING ARRAY MICROPHONE,1150.8,JP,8518109590,3.86,,,,,
AM-1WBB        QO,AM-1 Mounting Kit (Black),150,US,8302500000,0,,,,,
AM-1WBW        QO,AM-1 Mounting Kit (White),150,US,8302500000,0,,,,,
AM-CF1B     H  E00,INTEGRATED AUDIO COLLABORATION SYSTEM,1117.2,JP,8518109590,6.39,,,,,
AM-CF1B     Q  E00,"Steerable Mic. Array, Blk, req.AD-5000-6",1324.4,JP,8518109590,5.4,,,,,
AM-CF1W     H  E00,INTEGRATED AUDIO COLLABORATION SYSTEM,1117.2,JP,8518109590,6.39,,,,,
AM-CF1W     Q  E00,"Steerable Mic. Array, Blk, req.AD-5000-6",1324.4,JP,8518109590,5.4,,,,,
AN-001T,9000SERIES PLUG-IN MODULE,120.23,CN,8518400090,0.09,,,,,
AN-9001,CEILING MOUNT MICROPHONE,28.88,CN,8518100090,0.34,,,,,
ANT-S4.16RX-D,WIRELESS ANTENNA,7.88,TW,8529106990,0.038,,,,,
ANT-S4.16RX-G,WIRELESS ANTENNA,7.88,TW,8529106990,0.038,,,,,
ANT-S4.4RX-EA,WIRELESS ANTENNA,2.6,TW,8529106990,0.014,,,,,
ANT-S5RX-D,WIRELESS ANTENNA,7.88,TW,8529106990,0.03,,,,,
ANT-S5RX-G,WIRELESS ANTENNA,7.88,TW,8529106990,0.03,,,,,
ANT-UDA-49AP   QO,Trantec Active Passive Antenna,112.88,TW,8529106990,0,,,,,
ANT-UHF-GP694B,UHF Ground Antenna (572 - 672MHz),366.98,,8529106990,0,,,,,
ANT-UHF-GP830B,UHF Ground Antenna (798-865 Mhz),366.98,,8529106990,0,,,,,
ANT-UHF-PADA,Trantec Active Directional Paddle Antena,83.48,,8529106990,0,,,,,
ANT-UHF-PADP,Trantec Passive Directional Paddle Ant,83.48,,8529106990,0,,,,,
APH-20,Active Reflex Horn Speaker,84,,8518210000,1.55,,,,,
AT-4012B-EB    F00,Attenuator 12 W w/Box,17.59,ID,8533390000,0.35,,,,,
AT-4030B-EB    F00,Attenuator  30W,21,ID,8533390000,0.6,,,,,
AT-4060B-EB    F00,Attenuator 60 W,22.05,ID,8533390000,0.6,,,,,
AT-4120B-EB    F00,Attenuator 120W,23.1,ID,8533390000,0.6,,,,,
AT-4200B-EB    F00,Attenuator 200W,24.15,ID,8533390000,0.64,,,,,
ATT-100VI      QO,Attentuator Board,13.91,ID,8533390000,0,,,,,
B-01F,BRIDGING TRANS MODULE,35.61,CN,8518400090,0.13,,,,,
BC-2000     Y  A00,BATTERY CHARGER,154.88,JP,8504405590,0.825,,,,,
BC-2000A    Y  A00,BATTERY CHARGER,154.88,JP,8504405590,0.9,,,,,
BC-5000-12,BATTERY CHARGER,984.38,JP,8504405590,5.2,,,,,
BC-5000-2,BATTERY CHARGER,154.88,JP,8504405590,1.2,,,,,
BC-5000-2      A00,BATTERY CHARGER,154.88,JP,8504405590,1.2,,,,,
BC-5000-6,BATTERY CHARGER,724.5,JP,8504405590,3.4,,,,,
BC-5000-6      A01,BATTERY CHARGER,724.5,JP,8504405590,3.4,,,,,
BC-900    CE,BATTERY CHARGER,488.25,JP,8504405590,2.07,,,,,
BC-920      4CEA00,BATTERY CHARGER,511.88,JP,8504405590,2,,,,,
BC286/2        QO,24V 7Ahr SLA Battery (2x12V inc link),25,GB,8504405590,0,,,,,
BF359/1        QO,Anit-Tamper Enc-EVC302F  Weatherproof,102.14,GB,85182100,0,,,,,
BF359/2        QO,Anti-Tamper Enclosure for ECU-8  GRY,300,GB,85182100,0,,,,,
BF359/2B       QO,Flush mounting bezel for BF359/2,100,GB,85189000,0,,,,,
BF359/3D       QO,Anti-Tamper Enclosure ECU-8 Stainless,193,GB,85182100,0,,,,,
BK-013    BUK  QO,Blank Panel  1U  Black (UK Version),8.12,JP,85189000,0.2,,,,,
BK-023    BUK  QO,Blank Panel  2U   Black (UK VERSION),9.99,JP,85189000,0.4,,,,,
BK-023B,2-SIZE BLANK PANEL,14.37,JP,85189000,0.4,,,,,
BK-033    BUK  QO,Blank Panel  3U   Black (UK VERSION),15,GB,8518900000,0.6,,,,,
BK-1100,BLANK PANEL,22.49,JP,85189000,0.2,,,,,
BK-1300,BLANK PANEL,28.73,JP,85189000,0.4,,,,,
BNC(M)-TNC(F)  QO,BNC(M)-TNC(F) Conversion connector,2.4,TW,85189000,0,,,,,
BP-24V/100AH   QO,24V100AH Btry.W/Link Cables&Covers Pairs,880,DE,8507208090,37,,,,,
BP-24V/65AH    QO,24V65AH Btry.W/Link Cables&Covers Pairs,570,DE,8507208090,20,,,,,
BP-900    CE,RECHARGEABLE LITHIUM ION BATT.,68.25,JP,8507600090,0.11,,,,,
BP-900A     -CEB00,RECHARGEABLE LITHIUM-ION BATTERY,66.74,JP,8507600090,0.11,,,,,
BP-900A     -CEB01,RECHARGEABLE LITHIUM-ION BATTERY,66.74,JP,8507600090,0.11,,,,,
BP-900A     -CEB02,RECHARGEABLE LITHIUM-ION BATTERY,66.74,JP,8507600090,0.11,,,,,
BP-900A     -CEB03,RECHARGEABLE LITHIUM-ION BATTERY,66.74,JP,8507600090,0.11,,,,,
BP-920      Y  B00,RECHARGEABLE LITHIUM-ION BATTERY,68.25,JP,8507600090,0.096,,,,,
BS-1015BSB,COMPACT SPEAKER,63,ID,8518220090,3.6,,,,,
BS-1015BSW,COMPACT SPEAKER,63,ID,8518220090,3.6,,,,,
BS-1030B,COMPACT SPEAKER (BLK),50.4,ID,8518210000,3.7,,,,,
BS-1030B-EB    QO,Wall SPEAKER (BLK) AXIS,28.5,ID,8518210000,3.7,,,,,
BS-1030W,COMPACT SPEAKER (WHT),50.4,ID,8518210000,3.7,,,,,
BS-1030W-EB    QO,Wall SPEAKER (Wht) AXIS,28.5,ID,8518210000,3.7,,,,,
BS-1034,WALL MOUNT SPEAKER,35.7,ID,8518220090,1.95,,,,,
BS-1034EN,WALL MOUNT SPEAKER,37.28,ID,8518220090,1.6,,,,,
BS-1034S,WALL MOUNT SPEAKER,39.38,ID,8518220090,1.95,,,,,
BS-10WL,BOX SPEAKER,54.34,JP,8518210000,1.8,,,,,
BS-1110W,UNIVERSAL SPEAKER,41.91,ID,8518220090,4,,,,,
BS-1120W,UNIVERSAL SPEAKER,67.33,ID,8518220090,6.5,,,,,
BS-250AB-EB,A/B WALL MOUNT SPEAKER EN54-24,47.25,,85182100,4.4,,,,,
BS-301B,SPEAKER SYSTEM,236.25,ID,8518210000,21.35,,,,,
BS-301W,SPEAKER SYSTEM,236.25,ID,8518210000,21.35,,,,,
BS-5W,BOX SPEAKER,60.59,JP,8518210000,1.7,,,,,
BS-633A,WALL MOUNT SPEAKER 6W,12.34,ID,8518210000,1,,,,,
BS-633AT,WALL MOUNT SPEAKER 6W WITH ATT,15.75,ID,8518210000,1,,,,,
BS-634,WALL MOUNT SPEAKER,27.56,ID,8518210000,1.8,,,,,
BS-634T,WALL MOUNT SPEAKER,34.13,ID,8518210000,1.82,,,,,
BS-677B,BOX SPEAKER,11.24,,8518210090,1.4,,,,,
BS-678,WALL MOUNT SPEAKER 6W,16.28,ID,8518210000,2,,,,,
BS-678         F00,WALL MOUNT SPEAKER 6W,23.1,ID,8518210000,2,,,,,
BS-678AB-EB    F00,AB WALL MOUNT SPEAKER,42,ID,8518210000,14.8,,,,,
BS-678B,WALL MOUNT SPEAKER 6W BLK,16.28,ID,8518210000,2,,,,,
BS-678B        F00,WALL MOUNT SPEAKER 6W BLK,23.1,ID,8518210000,2,,,,,
BS-678BSB,WALL MOUNT SPEAKER,21.53,ID,8518210000,2,,,,,
BS-678BSB      F00,WALL MOUNT SPEAKER,28.88,ID,8518210000,2,,,,,
BS-678BSW,WALL MOUNT SPEAKER,21.53,ID,8518210000,2,,,,,
BS-678BSW      F00,WALL MOUNT SPEAKER,28.88,ID,8518210000,2,,,,,
BS-678BT,WALL MOUNT SPEAKER 6W BLK ATT,19.43,ID,8518210000,2,,,,,
BS-678BT       F00,WALL MOUNT SPEAKER 6W BLK ATT,26.25,ID,8518210000,2,,,,,
BS-678T,WALL MOUNT SPEAKER 6W ATT,19.43,ID,8518210000,2,,,,,
BS-678T        F00,WALL MOUNT SPEAKER 6W ATT,26.25,ID,8518210000,2,,,,,
BS-680F,WALL MOUNT SPEAKER 6W,39.38,ID,8518210000,3.2,,,,,
BS-680FC,WALL MOUNT SPEAKER 6W BS5839.,44.63,ID,8518210000,3.2,,,,,
BS-680FC  Q,Wall Mount Steel Cabinet Fire Proof MOD,44.63,ID,8518210000,3.2,,,,,
BS-680FCC      QO,WALL MOUNT 6W with Capacitor,47.25,ID,8518210000,3.2,,,,,
BS-680U,WALL MOUNT SPEAKER 6W (UL),1,ID,8518210000,3.22,,,,,
C-001T,9000 SERIES PLUG-IN MODULE,51.98,CN,8518400090,0.1,,,,,
C-001T         B00,9000 SERIES PLUG-IN MODULE,46.73,JP,8518408099,0.1,,,,,
C-BC501T,CAMERA BRACKET,78.52,,7326909890,0.86,,,,,
C-VD6     UK,VIDEO SIGNAL DISTRIBUTOR,96.47,JP,8537109899,2.48,,,,,
CA-115,MOBILE AMPLIFIER,49.88,ID,8518400090,1.58,,,,,
CA-130,MOBILE AMPLIFIER,55.13,ID,8518400090,1.8,,,,,
CA-130         F00,MOBILE AMPLIFIER,51.98,ID,8518408099,1.8,,,,,
CA-160,MOBILE AMPLIFIER,81.38,ID,8518400090,2,,,,,
CA-160         F00,MOBILE AMPLIFIER,63,ID,8518400090,2,,,,,
CATCON         QO,Adaptor box  Fire-Rated cable to CAT-5,15,GB,85189000,0,,,,,
CCU-16         QO,16Line Master EVC Con Unit c/w Display,650,GB,85182100,0,,,,,
CON-FGG304     QO,Lemo 4 Pin Connector Plug,11.97,GB,85189000,0,,,,,
CP-9500M2-EB,Digital Mixer Amplifier,820.05,,8518408099,14.7,,,,,
CP-9550M2 EB,DIGITAL MIXER AMPLIFIER,820.05,,8518400090,13,,,,,
CRSC-6         QO,Ceiling Mounting Cover,35,GB,8518210090,0,,,,,
CS-154,WIDE RANGE CONE SPEAKER,55.13,ID,8518210000,3.5,,,,,
CS-154    EU,WIDE RANGE CONE SPEAKER,55.13,ID,8518210000,3.5,,,,,
CS-154-BS Q,15W WideRangeSpeaker BS/EN withCapacitor,53.55,ID,8518210000,3.9,,,,,
CS-154BS,WIDE RANGE SPEAKER,70.88,ID,8518210000,3.9,,,,,
CS-304,WIDE RANGE CONE SPEAKER,60.38,ID,8518210000,3.9,,,,,
CS-304    EU,WIDE RANGE CONE SPEAKER,60.38,ID,8518210000,3.9,,,,,
CS-304-BS Q,30 Watt (100V) Wide Range Speaker IP-64,69.89,ID,8518210000,3.9,,,,,
CS-530BS-EB,Music Horn Speaker,100.8,TW,8518210000,4.7,,,,,
CS-64,WIDE RANGE CONE SPEAKER,36.75,ID,8518210000,2.2,,,,,
CS-64     EU,WIDE RANGE CONE SPEAKER,36.75,ID,8518210000,2.2,,,,,
CS-64BS,WIDE RANGE SPEAKER,52.5,ID,8518210000,2.3,,,,,
CS-660BS-EB,Music Horn Speaker,128.1,TW,8518210000,7.1,,,,,
CS-761B        F00,2WAY COAXIAL HORN SPEAKER 60W,191.63,ID,8518210000,9.95,,,,,
CS-761BS-B     F00,2WAY COAXIAL HORN SPEAKER 60W,196.88,ID,8518210000,9.95,,,,,
CS-761BS-W     F00,2WAY COAXIAL HORN SPEAKER 60W,196.88,ID,8518210000,9.95,,,,,
CS-761W        F00,2WAY COAXIAL HORN SPEAKER 60W,191.63,ID,8518210000,9.95,,,,,
D-001R,9000 SERIES PLUG-IN MODULE,78.23,CN,8518400090,0.135,,,,,
D-001R         B00,9000 SERIES PLUG-IN MODULE,81.38,CN,8518408099,0.122,,,,,
D-001T,9000 SERIES PLUG-IN MODULE,78.23,CN,8518400090,0.16,,,,,
D-001T         B00,9000 SERIES PLUG-IN MODULE,76.13,CN,8518408099,0.12,,,,,
D-2000AD1,MIC/LINE INPUT MODULE,221.2,JP,8518400090,0.28,,,,,
D-2000CB,COBRANET INTERFACE MODULE,307.44,JP,8537109899,0.17,,,,,
D-2000DA1,LINE OUTPUT MODULE,212.24,JP,8518400090,0.28,,,,,
D-2000DA1      A00,LINE OUTPUT MODULE,212.24,JP,8518400090,0.28,,,,,
D-2008SP  CE,DIGITAL MIXING PROCESSOR UNIT,1959.44,JP,8518400090,8.45,,,,,
D-2012AS,CONSOLE CASE,307.44,JP,8519890000,3,,,,,
D-2012C   CE,REMOTE CONSOLE UNIT,1959.44,JP,8537109899,9.45,,,,,
D-901     CE-GB,DIGITAL MIXER,980,JP,8518400090,9.2,,,,,
D-911,VCA FADER UNIT,322,JP,8518900099,4,,,,,
D-921E,MIC/LINE INPUT MODULE,105.84,JP,8518400090,0.22,,,,,
D-921F,MIC/LINE INPUT MODULE,105.84,JP,8518400090,0.22,,,,,
D-922E,MIC/LINE INPUT MODULE,70,JP,8518400090,0.2,,,,,
D-922F,MIC/LINE INPUT MODULE,70,JP,8518400090,0.2,,,,,
D-923AE,DIGITAL INPUT MODULE,120.4,JP,8518408099,0.2,,,,,
D-936R,STEREO SELECT INPUT MODULE,94.64,JP,8518400090,0.22,,,,,
D-971E,LINE OUTPUT MODULE,112,JP,8518400090,0.23,,,,,
D-971M,LINE OUTPUT MODULE,120.4,JP,8518400090,0.23,,,,,
D-971R,LINE OUTPUT MODULE,83.44,JP,8518400090,0.22,,,,,
D-972AE,DIGITAL OUTPUT MODULE,145.6,JP,8518408099,0.33,,,,,
D-981,REMOTE CONTROL MODULE,75.6,JP,8518400090,0.21,,,,,
D-983,REMOTE CONTROL MODULE,137.2,JP,8517700000,0.25,,,,,
D-984VC,VCA CONTROL MODULE,178.64,JP,8517700000,0.25,,,,,
D-984VC        A00,VCA CONTROL MODULE,165.2,JP,8517700000,0.25,,,,,
DA-250D   CE-GB,DUAL POWER AMPLIFIER,518,CN,8518400090,7.8,,,,,
DA-250D   CE-GBA00,DUAL POWER AMPLIFIER,557.2,CN,8518408099,7.8,,,,,
DA-250D   CE-GBC00,DUAL POWER AMPLIFIER,532,CN,8518408099,7.8,,,,,
DA-250DH  CE-GB,DUAL POWER AMPLIFIER,559.13,CN,8518400090,7.8,,,,,
DA-250DH  CE-GBA00,DUAL POWER AMPLIFIER,603.75,CN,8518400090,7.8,,,,,
DA-250DH  CE301A00,DUAL POWER AMPLIFIER,574.88,JP,8518400090,7.8,,,,,
DA-250F   CE-GB,MULTICHANNEL POWER AMPLIFIERS,697.2,CN,8518400090,8.3,,,,,
DA-250F   CE-GBA00,MULTICHANNEL POWER AMPLIFIERS,756,JP,8518400090,8.3,,,,,
DA-250F   CE301A00,MULTICHANNEL POWER AMPLIFIERS,725.2,JP,8518400090,8.3,,,,,
DA-250FH  CE-GB,MULTICHANNEL POWER AMPLIFIERS,756,CN,8518400090,8.3,,,,,
DA-250FH  CE-GBA00,MULTICHANNEL POWER AMPLIFIERS,837.38,CN,8518400090,8.3,,,,,
DA-250FH  CE-GBC00,MULTICHANNEL POWER AMPLIFIERS,756,CN,8518408099,8.3,,,,,
DA-250FH  CE301A00,MULTICHANNEL POWER AMPLIFIERS,837.38,CN,8518400090,8.3,,,,,
DA-500FH  CE-GB,MULTICHANNEL POWER AMPLIFIERS,1344,CN,8518400090,11.7,,,,,
DA-500FH  CE-GBA00,MULTICHANNEL POWER AMPLIFIERS,1414.88,JP,8518400090,11.7,,,,,
DA-550F   CE-GB,MULTICHANNEL POWER AMPLIFIERS,1282.4,CN,8518400090,11.7,,,,,
DA-550F   CE-GBA00,MULTICHANNEL POWER AMPLIFIERS,1341.2,CN,8518400090,11.7,,,,,
DA-550F   CE-GBC00,MULTICHANNEL POWER AMPLIFIERS,1282.4,CN,8518408099,11.7,,,,,
DA-550F   CE301C00,MULTICHANNEL POWER AMPLIFIERS,1282.4,CN,8518408099,11.7,,,,,
DG-46UL2-8Y,RE-CONE FOR HLS46UL2-8,52.82,JP,8518900099,1.8,,,,,
DM-1100,MICROPHONE,23.63,ID,8518100090,0.6,,,,,
DM-1200,DYNAMIC MICROPHONE,47.25,PH,8518100090,0.9,,,,,
DM-1200D,DYNAMIC MICROPHONE,47.25,PH,8518100090,0.6,,,,,
DM-1300,DYNAMIC MICROPHONE,49.88,TW,8518100090,0.86,,,,,
DM-1300        100,DYNAMIC MICROPHONE,65.63,JP,8518109590,0.86,,,,,
DM-1500,DYNAMIC MICROPHONE,104.48,TW,8518100090,0.9,,,,,
DM-1500        100,DYNAMIC MICROPHONE,118.13,TW,8518100090,0.9,,,,,
DM-524B,DYNAMIC MICROPHONE LO Z,70.88,TW,8518100090,0.08,,,,,
DM-524B        A00,DYNAMIC MICROPHONE LO Z,131.25,TW,8518109590,0.08,,,,,
DM-524S,DYNAMIC MICROPHONE LO Z,144.38,TW,8518100090,0.8,,,,,
DM-524S        A00,DYNAMIC MICROPHONE LO Z,144.38,TW,8518100090,0.8,,,,,
DP-K1     CE-GB,DIGITAL AUDIO PROCESSOR,1169.84,JP,8518400090,9.2,,,,,
DP-L2     CE-GB,DIGITAL AMBIENT NOISE CONTROLLER,980,JP,8518400090,5.35,,,,,
DP-SP3    CE   A01,DIGITAL SPEAKER PROCESSOR,822.64,JP,8518408099,4.9,,,,,
DP-SP3    CE-GB,DIGITAL SPEAKER PROCESSOR,822.64,JP,8518400090,4.9,,,,,
DP-SP3    CE-GBA00,DIGITAL SPEAKER PROCESSOR,822.64,JP,8518408099,4.9,,,,,
EC-100M   Y,MICROPHONE W/ELECTROCHIME,118.17,ID,8518100090,0.9,,,,,
EC-380-EB      F00,Chime Microphone,78.75,ID,8518109590,1.45,,,,,
ECU-32         QO,32 Line Desk Con Unit c/w Handset+Disply,819,GB,85182100,0,,,,,
ECU-4          QO,4 Line Master Controller  c/w Handset,490,GB,85182100,0,,,,,
ECU-64         QO,64 Line Desk Con Unit c/w Handset+Disply,1225,GB,85182100,0,,,,,
ECU-8          QO,8 Line Master Controller  c/w Handset,625,GB,85182100,0,,,,,
ECU-8NT        QO,8 Line Master EVC Unit  No Handset,570,GB,85182100,0,,,,,
ECU-8S         QO,8 Line Slave EVC Expansion Unit,435,GB,85182100,0,,,,,
ECU721         QO,Network Communication Card,60.5,GB,85189000,0,,,,,
EM-362-AS      F00,NECK WORN MICROPHONE,36.75,ID,8518100090,0,,,,,
EM-362-EB      F00,NECK WORN MICROPHONE,36.75,ID,8518100090,6,,,,,
EM-380-EB      F00, Gooseneck Microphone,47.25,ID,8518100090,0.57,,,,,
EM-410,LAVALIER MICROPHONE,60.38,TW,8518100090,0.185,,,,,
EM-600,FLUSH-MOUNT BOUNDARY MICROPHONE,89.25,TW,8518100090,0.135,,,,,
EM-700,BOUNDARY MICROPHONE,154.88,TW,8518100090,0.39,,,,,
EM-800,GOOSENECK MICROPHONE,99.75,TW,8518100090,0.25,,,,,
EQ-0101A    Q,EQ BOX FOR HA-1010,417.38,,8518220090,0.62,,,,,
ER-1000BK-EBCE,Personnal PA System with Mic,89.25,CN,8518500090,0,,,,,
ER-1000BK-EBCE C00,PERSONAL PA SYSTEM,89.25,,8518500090,0,,,,,
ER-1000BK-EBCE C01,PERSONAL PA SYSTEM,89.25,,8518500090,0,,,,,
ER-1203,3W SPLASH PROOF MEGAPHONE,60.38,ID,8518500090,0.95,,,,,
ER-1206,6W SPLASH PROOF MEGAPHONE,65.63,ID,8518500090,1,,,,,
ER-1206S,"6W SPLASH PROOF MEGAPHONE,SIREN SIG.",70.88,ID,8518500090,1.2,,,,,
ER-1206S  EU,6W SPLASH PROOF MEGAPHONE,70.88,ID,8518500090,1.2,,,,,
ER-1206W,"6W SPLASH PROOF MEGAPHONE,WHISTLE SIG.",70.88,ID,8518500090,1.2,,,,,
ER-1215,15W HAND MEGAPHONE,57.23,ID,8518500090,1.48,,,,,
ER-1215S,"15W HAND MEGAPHONE,SIREN SIG.",65.63,ID,8518500090,1.58,,,,,
ER-2215,15W SHOULDER MEGAPHONE,57.23,ID,8518500090,1.72,,,,,
ER-2215W,"15W SHOULDER MEGAPHONE,WHISTLE SIG.",65.63,ID,8518500090,1.82,,,,,
ER-2230W,"30W SHOULDER MEGAPHONE,WHISTLE SIG.",139.13,ID,8518500090,5.55,,,,,
ER-2930W,"30W WIRELESS MEGAPHONE,WHISTLE SIG.",175.88,ID,8518500090,5.75,,,,,
ER-3215,"15W HAND MEGAPHONE,SEPARATE MIC",55.13,ID,8518500090,1.76,,,,,
ER-520,6W HAND MEGAPHONE,36.75,ID,8518500090,0.97,,,,,
ER-520S,"6W HAND MEGAPHONE,SIREN SIG.",44.63,ID,8518500090,1,,,,,
ER-520W,"6W HAND MEGAPHONE,WHISTLE SIG.",44.63,ID,8518500090,1,,,,,
ES-0424WP,SPEAKER SYSTEM W/BOX,519.64,JP,8518220090,13.7,,,,,
ES-0851,SPEAKER SYSTEM,367.08,JP,8518220090,23.3,,,,,
ES-0871,SPEAKER SYSTEM,575.6,JP,8518220090,41.8,,,,,
EV-200M,VOICE ANNOUNCEMENT BOARD,249.38,JP,8519814590,0.17,,,,,
EV-200M        A00,VOICE ANNOUNCEMENT BOARD,228.38,JP,8519814590,0.17,,,,,
EV-20R    W,SOUND REPEATER,417.38,CN,8519819590,1.26,,,,,
EV-20R    W    D00,SOUND REPEATER,312.38,CN,8519819590,1.26,,,,,
EV-350P   CE-GB,DIGITAL ANNOUNCER,610.2,JP,8519819590,5.95,,,,,
EV-700      QCEA00,DIGITAL ANNOUNCER,823.73,JP,8519814590,3.2,,,,,
EV-700      W  A00,DIGITAL ANNOUNCER,823.73,JP,8519814590,3.2,,,,,
EV-700      W  A01,DIGITAL ANNOUNCER,823.73,JP,8519814590,3.2,,,,,
EV-CF128M,MEMORY CARD,123.38,JP,8523520000,0.044,,,,,
EVC301RLK      QO,Red fire telephone EVC outstation  c/w,101,GB,85182100,0,,,,,
EVC301RPO      QO,Red fire telephone EVC outstation,101,GB,85182100,0,,,,,
EVC302F        QO,Disabled Refuge Outstation  Flush,99,GB,85182100,0,,,,,
EVC302GF       QO,Green Disabled Refuge Outstation  Flush,90,GB,85182100,0,,,,,
EVC302GS       QO,Green Disabled Refuge Outstation Surface,105,GB,85182100,0,,,,,
EVC302S        QO,Disabled Refuge Outstation  Surface,104.5,GB,85182100,0,,,,,
F-03BT-WP-UE   F00,SPEAKER SYSTEM,1,ID,8518220090,2.53,,,,,
F-03WT-WP-UE   F00,SPEAKER SYSTEM,1,ID,8518220090,2.53,,,,,
F-05BT-WP-UE   F00,SPEAKER SYSTEM,1,ID,8518220090,3.92,,,,,
F-05WT-WP-UE   F00,SPEAKER SYSTEM,1,ID,8518220090,3.92,,,,,
F-08BT-WP-UE   F00,SPEAKER SYSTEM,1,ID,8518220090,7.84,,,,,
F-08WT-WP-UE   F00,SPEAKER SYSTEM,1,ID,8518220090,7.84,,,,,
F-1000B,SPEAKER SYSTEM,53.2,ID,8518220090,2.4,,,,,
F-1000BT,SPEAKER SYSTEM,58.8,ID,8518220090,2.6,,,,,
F-1000BTWP,SPEAKER SYSTEM,70,ID,8518220090,2.7,,,,,
F-1000BTWPEB-Q,SPEAKER,84,ID,8518220090,2.4,,,,,
F-1000W,SPEAKER SYSTEM,53.2,ID,8518220090,2.4,,,,,
F-1000WT,SPEAKER SYSTEM,58.8,ID,8518220090,2.6,,,,,
F-1000WTWP,SPEAKER SYSTEM,70,ID,8518220090,2.7,,,,,
F-1000WTWPEB-Q,SPEAKER,84,ID,8518220090,2.4,,,,,
F-122C,PANEL CONE SPEAKER,78.4,ID,8518210000,5.1,,,,,
F-1300B,SPEAKER SYSTEM,70,ID,8518220090,5,,,,,
F-1300BT,SPEAKER SYSTEM,78.4,ID,8518220090,4.4,,,,,
F-1300BTWP,SPEAKER SYSTEM,92.4,ID,8518220090,3.367,,,,,
F-1300BTWPEB-Q,SPEAKER,126,ID,8518220090,4.4,,,,,
F-1300W,SPEAKER SYSTEM,70,ID,8518220090,5,,,,,
F-1300WT,SPEAKER SYSTEM,78.4,ID,8518220090,4.4,,,,,
F-1300WTWP,SPEAKER SYSTEM,92.4,ID,8518220090,4.9,,,,,
F-1300WTWPEB-Q,SPEAKER,126,ID,8518220090,4.4,,,,,
F-1522SC,PANEL CONE SPEAKER,36.4,ID,8518210000,1.55,,,,,
F-2000B,SPEAKER SYSTEM,103.6,ID,8518220090,8.5,,,,,
F-2000BT,SPEAKER SYSTEM,112,ID,8518220090,9.3,,,,,
F-2000BTWP,SPEAKER SYSTEM,137.2,ID,8518220090,9.2,,,,,
F-2000BTWPEB-Q,SPEAKER,183.75,ID,8518220090,9.2,,,,,
F-2000W,SPEAKER SYSTEM,103.6,ID,8518220090,8.5,,,,,
F-2000WT,SPEAKER SYSTEM,112,ID,8518220090,9.3,,,,,
F-2000WTWP,SPEAKER SYSTEM,137.2,ID,8518220090,9.2,,,,,
F-2000WTWPEB-Q,SPEAKER,183.75,ID,8518220090,9.2,,,,,
F-2322C,PANEL CONE SPEAKER,75.6,ID,8518210000,5,,,,,
F-2322C-BSQ,30W (100V) 12CM Ceiling Speaker for VA,60.38,ID,8518210000,5.1,,,,,
F-2352C,PANEL CONE SPEAKER,86.8,ID,8518210000,5.1,,,,,
F-2352C-BSQ,30W (100V)12CM 2Way CeilingSpeaker forVA,70.88,ID,8518210000,2.5,,,,,
F-2352SC,PANEL CONE SPEAKER,47.6,ID,8518210000,2.5,,,,,
F-2852C,PANEL CONE SPEAKER,120.4,ID,8518210000,6.5,,,,,
FB-100,SUB WOOFER SPEAKER SYSTEM,183.21,JP,8518210090,18.8,,,,,
FB-120B,SUBWOOFER SYSTEM,221.2,ID,8518220090,19.5,,,,,
FB-120W,SUBWOOFER SYSTEM,221.2,ID,8518220090,19.5,,,,,
FB-150B        A00,SUBWOOFER SYSTEM,837.2,JP,8518220090,38,,,,,
FB-150W        A00,SUBWOOFER SYSTEM,837.2,JP,8518220090,38,,,,,
FITT NEW       QO,EVC Line Tester,93,GB,85182100,0,,,,,
FPROK1         QO,FosMeter-Pro Induction Loop Test kit,250,GB,85182100,0,,,,,
GS-302,GARDEN SPEAKER,70.88,ID,8518220090,3.55,,,,,
H-1,SPEAKER SYSTEM,81.2,ID,8518220090,2,,,,,
H-1       EU,SPEAKER SYSTEM,77.84,ID,8518220090,2,,,,,
H-2,SPEAKER SYSTEM,89.6,ID,8518220090,3,,,,,
H-2       EU,SPEAKER SYSTEM,81.2,ID,8518220090,3,,,,,
H-2       EX,SPEAKER SYSTEM,81.2,ID,8518220090,3,,,,,
H-2WP,SPEAKER SYSTEM,103.6,ID,8518220090,2.9,,,,,
H-2WP     EU,SPEAKER SYSTEM,94.64,ID,8518220090,2.9,,,,,
H-3,WALL MOUNT SPEAKER SYSTEM,131.6,ID,8518220090,4.7,,,,,
H-3WP,SPEAKER SYSTEM,145.6,ID,8518220090,4.7,,,,,
H-3WP     EU,WALL MOUNT SPEAKER,156.24,ID,8518220090,4.7,,,,,
HA-1010     Q,"100V, LONG RANGE SLIM ARRAY SPEAKER",653.63,,8518220090,13.5,,,,,
HA-1010-EB     QJ,LONG RANGE SLIM ARRAY SPEAKER,653.63,ID,8518220090,18.25,,,,,
HA-1060EN   Q  F00,HORN ARRAY SPEAKER,574.88,ID,8518220090,19,,,,,
HA-2240EN   Q  F00,HORN ARRAY SPEAKER,1572.38,ID,8518220090,40,,,,,
HA2URD10       QO,"2U 19"" Rack Drawer",76.13,GB,85189000,0,,,,,
HB-1,SUB WOOFERSYSTEM,221.2,ID,8518210000,13.7,,,,,
HS-1200BT,SPEAKER SYSTEM,196,ID,8518220090,14,,,,,
HS-1200WT,SPEAKER SYSTEM,196,ID,8518220090,14,,,,,
HS-120B,SPEAKER SYSTEM,173.6,ID,8518220090,12,,,,,
HS-120W,SPEAKER SYSTEM,173.6,ID,8518220090,12,,,,,
HS-1500BT,SPEAKER SYSTEM,238,ID,8518220090,18.5,,,,,
HS-1500WT,SPEAKER SYSTEM,238,ID,8518220090,18.5,,,,,
HS-150B,SPEAKER SYSTEM,210,ID,8518220090,16.3,,,,,
HS-150W,SPEAKER SYSTEM,210,ID,8518220090,16.3,,,,,
HW-25,HW-25,22.54,JP,85189000,0,,,,,
HX-5B,SPEAKER SYSTEM,322,ID,8518220090,21.2,,,,,
HX-5B     EU,SPEAKER SYSTEM,322,ID,8518220090,21.2,,,,,
HX-5B-WP,SPEAKER SYSTEM,420,ID,8518220090,21.2,,,,,
HX-5B-WP  EB-Q,SPEAKER SYSTEM,498.75,ID,8518220090,21.2,,,,,
HX-5W,SPEAKER SYSTEM,322,ID,8518220090,21.2,,,,,
HX-5W-WP,SPEAKER SYSTEM,420,ID,8518220090,21.2,,,,,
HX-5W-WP  EB-Q,SPEAKER SYSTEM,498.75,ID,8518220090,28.2,,,,,
HX-5W-WP  EU,SPEAKER SYSTEM,350,ID,8518220090,21.2,,,,,
HX-7B          F00,SPEAKER SYSTEM,812,ID,8518220090,38,,,,,
HX-7B-WP       F00,SPEAKER SYSTEM,949.2,ID,8518220090,38,,,,,
HX-7B-WPEN     Q,SPEAKER SYSTEM,1181.25,ID,8518220090,32.5,,,,,
HX-7W          F00,SPEAKER SYSTEM,812,ID,8518220090,38,,,,,
HX-7W-WP       F00,SPEAKER SYSTEM,949.2,ID,8518220090,38,,,,,
HX-7W-WPEN     Q,SPEAKER SYSTEM,1181.25,ID,8518220090,32.6,,,,,
HY-0851CL,MOUNTING BRACKET,35.31,JP,8302500000,3.7,,,,,
HY-1200HB,MOUNTING BRACKET,23.52,ID,7326909890,2.6,,,,,
HY-1200HW,MOUNTING BRACKET,23.52,ID,7326909890,2.6,,,,,
HY-1200VB,MOUNTING BRACKET,25.2,ID,8518900099,3.1,,,,,
HY-1200VW,MOUNTING BRACKET,25.2,ID,8518900099,3.1,,,,,
HY-1500HB,MOUNTING BRACKET,30.8,ID,8302500000,3.5,,,,,
HY-1500HW,MOUNTING BRACKET,30.8,ID,8302500000,3.5,,,,,
HY-1500VB,MOUNTING BRACKET,30.8,ID,8302500000,4.1,,,,,
HY-1500VW,MOUNTING BRACKET,30.8,ID,8518900099,4.1,,,,,
HY-60DB        F00,ANGLE ADJUSTMENT BRACKET,7.84,ID,8302500000,0.2,,,,,
HY-60DB-WP     F00,ANGLE ADJUSTMENT BRACKET,8.4,ID,8302500000,0.2,,,,,
HY-60DW        F00,ANGLE ADJUSTMENT BRACKET,7.84,ID,8302500000,0.2,,,,,
HY-60DW-WP     F00,ANGLE ADJUSTMENT BRACKET,8.4,ID,8302500000,0.2,,,,,
HY-AH1,ANCHOR HANGING BRACKET,15.12,ID,8302500000,0.8,,,,,
HY-BC1,BACK CAN,19.6,ID,8518900099,2.25,,,,,
HY-BH10B,BOARD HANGER BRACKET,12.04,ID,8518900099,0.39,,,,,
HY-C0801,CEILING MOUNT BRACKET,70,JP,8518900099,2.21,,,,,
HY-C0801W,CEILING MOUNT BRACKET,70,JP,8518900099,2.21,,,,,
HY-CL10B,CLUSTERT BRACKET,22.4,ID,8518900099,0.47,,,,,
HY-CL20B,CLUSTERT BRACKET,47.6,ID,8518900099,1.43,,,,,
HY-CM10B,CEILING MOUNT BRACKET,11.2,ID,8302500000,0.29,,,,,
HY-CM10W,CEILING MOUNT BRACKET,11.2,ID,8302500000,0.29,,,,,
HY-CM20B,CEILING MOUNT BRACKET,19.6,ID,8302500000,0.8,,,,,
HY-CM20W,CEILING MOUNT BRACKET,19.6,ID,8302500000,0.8,,,,,
HY-CN1B,SPEAKER EXTENSION BRACKET,11.2,ID,8518900099,0.24,,,,,
HY-CN1B-WP,SPEAKER EXTENSION BRACKET,16.8,ID,8518900099,0.24,,,,,
HY-CN1W,SPEAKER EXTENSION BRACKET,11.2,ID,8518900099,0.24,,,,,
HY-CN1W-WP,SPEAKER EXTENSION BRACKET,16.8,ID,8518900099,0.24,,,,,
HY-CN7B        F00,SPEAKER CONNECTION BRACKET,15.4,ID,8518900099,0.5,,,,,
HY-CN7B-WP     F00,SPEAKER CONNECTION BRACKET,25.2,ID,8518900099,0.4,,,,,
HY-CN7W        F00,SPEAKER CONNECTION BRACKET,15.4,ID,8518900099,0.5,,,,,
HY-CN7W-WP     F00,SPEAKER CONNECTION BRACKET,25.2,ID,8518900099,0.4,,,,,
HY-CW1B,SPEAKER MOUNTING BRACKET,47.6,ID,8518900099,2.72,,,,,
HY-CW1W,SPEAKER MOUNTING BRACKET,47.6,ID,8518900099,2.72,,,,,
HY-CW1WP,SPEAKER MOUNTING BRACKET,84,ID,8518900099,2.72,,,,,
HY-H1,ADAPTER PANEL,12.6,ID,8518900099,0.3,,,,,
HY-MS7B-WP     A00,SPEAKER WALL MOUNTING BRACKET,725.2,JP,8518900099,0,,,,,
HY-MS7W-WP     A00,SPEAKER WALL MOUNTING BRACKET,755.44,JP,8518900099,0,,,,,
HY-MT7         F00,MATCHING TRANSFORMER ADAPTER,44.8,ID,8302500000,0.24,,,,,
HY-PF1B,SPEAKER RIGGING FRAME,55.44,ID,8518900099,4.92,,,,,
HY-PF1W,SPEAKER RIGGING FRAME,55.44,ID,8518900099,4.92,,,,,
HY-PF1WP,SPEAKER RIGGING FRAME,70,ID,8518900099,4.92,,,,,
HY-PF7B        F00,SPEAKER RIGGING FRAME,67.2,ID,8518900099,6,,,,,
HY-PF7W        F00,SPEAKER RIGGING FRAME,67.2,ID,8518900099,6,,,,,
HY-RR1,REINFORCEMENT RING,5.6,ID,8518900099,0.08,,,,,
HY-RR2,REINFORCEMENT RING,8.4,ID,8518900099,0.3,,,,,
HY-ST1,SPEAKER STAND ADAPTER,33.6,ID,8302500000,4.6,,,,,
HY-ST7         A00,SPEAKER STAND ADAPTER,221.2,JP,8302500000,5.7,,,,,
HY-TB1,TILE BAR BRIDGE,8.96,ID,8302500000,0.57,,,,,
HY-TM7B-WP     A00,SPEAKER RIGGING BRACKET,257.6,JP,8518900099,3.2,,,,,
HY-TM7W-WP     A00,SPEAKER RIGGING BRACKET,257.6,JP,8518900099,3.2,,,,,
HY-TR1,TRIM RING,11.2,ID,8302500000,0.63,,,,,
HY-VM7B        A00,SPEAKER RIGGING BRACKET,221.2,JP,7326909890,5.6,,,,,
HY-VM7W        A00,SPEAKER RIGGING BRACKET,221.2,JP,8518900099,5.6,,,,,
HY-W0801,WALL MOUNT BRACKET,98,JP,8302500000,4.45,,,,,
HY-W0801W,WALL MOUNT BRACKET,98,JP,8518900099,4.45,,,,,
HY-WM1B,SPEAKER MOUNTING BRACKET,22.4,ID,8518900099,0.82,,,,,
HY-WM1W,SPEAKER MOUNTING BRACKET,22.4,ID,8518900099,0.82,,,,,
HY-WM1WP,SPEAKER MOUNTING BRACKET,42,ID,8302500000,0.82,,,,,
HY-WM1WP  EU,SPEAKER MOUNTING BRACKET,30.8,ID,8302500000,0.82,,,,,
HY-WM2B,SPEAKER MOUNTING BRACKET,28,ID,8518900099,0.7,,,,,
HY-WM2W,SPEAKER MOUNTING BRACKET,28,ID,8518900099,0.7,,,,,
HY-WM2WP,SPEAKER MOUNTING BRACKET,44.8,ID,8518900099,0.7,,,,,
HY-WM7B        A00,SPEAKER WALL MOUNTING BRACKET,148.4,JP,8518900099,6.5,,,,,
HY-WM7W        A00,SPEAKER WALL MOUNTING BRACKET,154,JP,8518900099,6.5,,,,,
IEM-S4.16   D04,In-Ear Monitoring System CH70 set,181.13,,8518100090,0,,,,,
IEM-S4.16   G01,In-Ear Monitoring System CH38 set,181.13,,8518100090,0,,,,,
IEM-S4.16-RXD04,In-Ear Monitoring System CH70 Receiver,70.88,CN,8518109590,0,,,,,
IEM-S4.16-RXG01,In-Ear Monitoring System CH38 Receiver,70.88,CN,8518109590,0,,,,,
IEM-S4.16-TXD04,In-Ear MonitoringSystem CH70 Transmitter,123.38,CN,8518109590,0,,,,,
IEM-S4.16-TXG01,In-Ear MonitoringSystem CH38 Transmitter,123.38,CN,8518109590,0,,,,,
IP-3000SM      QD,System Manager,3105,ID,65000000,0,,,,,
IP-300RM    4CEC00,IP REMOTE MICROPHONE,510,,65000000,0,,,,,
IP-3010AF   4CEC00,AUDIO INTERFACE UNIT,617.4,,8517692000,0,,,,,
IP-A1AF        E00,IP AUDIO INTERFACE,237,VN,8518210000,0.66,,,,,
IP-A1MP        E00,MICROPHONE PANEL,108,VN,8518210000,0.28,,,,,
IP-A1PA12      E00,IP POWER AMPLIFIER 12W,345,VN,8518210000,1.25,,,,,
IP-A1PC238     E00,IP CEILING SPEAKER 8W,239.4,VN,8518210000,1.662,,,,,
IP-A1PC580R    E00,IP CEILING MOUNT SPEAKER 8W,1,VN,8518210000,3.35,,,,,
IP-A1PC580S    E00,IP SQUARE SPEAKER 8W,1,VN,8518210000,3.615,,,,,
IP-A1PG        E00,IP PAGING GATEWAY,411,VN,8518210000,0.66,,,,,
IP-A1RM     Y  E00,IP REMOTE MICROPHONE,570,VN,8518210000,0.98,,,,,
IP-A1SC15      E00,IP HORN SPEAKER 15W,239.4,VN,8518210000,2.1,,,,,
IP-EN1-EB,ERROR DISPLAY,95.29,TW,8517699000,0,,,,,
IR-200BC  CE-GB,BATTERY CHARGER,244.13,JP,8504405590,1.49,,,,,
IR-200BT-2Y,NI-MH BATTERY,15.23,JP,8507500090,0.07,,,,,
IR-200M   Y,INFRARED WIRELESS MICROPHONE,131.25,TW,8518100090,0.3,,,,,
IR-210BT-2  Y  A00,NI-MH BATTERY,19.43,JP,8507500090,0.07,,,,,
IR-300M   Y,INFRARED WIRELESS MICROPHONE,136.5,TW,8518100090,0.28,,,,,
IR-310BC  CE-GB,BATTERY CHARGER,144.38,TW,8504405590,0.691,,,,,
IR-310BC  US,BATTERY CHARGER,128.63,TW,8504405590,0.62,,,,,
IR-310M   Y,INFRARED WIRELESS MICROPHONE,136.5,TW,8518100090,0.194,,,,,
IR-500R   Y,INFRARED WIRELESS RECEIVER,107.63,TW,8517693000,0.34,,,,,
IR-510R   Y,INFRARED WIRELESS RECEIVER,154.88,TW,8517693000,0.41,,,,,
IR-520R   Y,INFRARED WIRELESS RECEIVER,49.88,TW,8517693000,0.25,,,,,
IR-700D   CE-GB,INFRARED WIRELESS DISTRIBUTOR,115.5,TW,8517693000,1.37,,,,,
IR-702T   CE,INFRARED WIRELESS TUNER,146.48,TW,8517693000,1.37,,,,,
IR-702T   CE-GB,INFRARED WIRELESS TUNER,154.88,TW,8517693000,1.39,,,,,
IR-802T   CE-GB,INFRARED WIRELESS TUNER,207.38,TW,8517693000,3.4,,,,,
IR-820SP  Y,INFRARED WIRELESS SPEAKER,312.38,TW,8518210000,6.18,,,,,
IT-450,INPUT TRANSFORMER,15.7,JP,8504312990,0.1,,,,,
L-01F,LINEMATCHING TRANS MODULE,25.61,CN,8518400090,0.13,,,,,
LC3 NEW        QO,2-Way Line Card for Type B Telephone,17,GB,85189000,0,,,,,
LD-BNC-BNC-10M,Trantec 10m BNC to BNC Plug Lead,13.13,GB,85189000,0,,,,,
LD-DC-5WAY,Trantec 5-Way Power,10.47,,85189000,0.02,,,,,
LD-DC-EXT,Trantec DC Ext Lead 1.5m,2.1,,85189000,0,,,,,
LD-SJ-JAC,INSTRUMENT CABLE,5.25,TW,85189000,0.105,,,,,
LD-TNC-N,Trantec 37cm Lead TNC & N Type Connector,15,GB,85189000,0,,,,,
LD-X-JAC,INSTRUMENT CABLE,7.88,TW,8544200000,0.05,,,,,
LOOP3/W        QO,100m x 1.5mm2 singlecore whiteloop cable,28.5,GB,85182100,0,,,,,
LOOP4/W        QO,100m x 2.5mm2 singlecore whiteloop cable,61,GB,85182100,0,,,,,
M-01F,MIC PREAMPLIFIER MODULE,48.1,CN,8518400090,0.14,,,,,
M-243     301H,STEREO MIXER,344.4,JP,8518400090,4.7,,,,,
M-633D    CE   A00,DIGITAL STEREO MIXER,688.8,JP,8518408099,5.7,,,,,
M-633D    CE   A01,DIGITAL STEREO MIXER,688.8,JP,8518408099,5.7,,,,,
M-633D    CE-GB,DIGITAL STEREO MIXER,688.8,JP,8518400090,5.7,,,,,
M-633D    CE-GBA00,DIGITAL STEREO MIXER,688.8,JP,8518408099,5.7,,,,,
M-633D    CE-GBA01,DIGITAL STEREO MIXER,688.8,JP,8518408099,5.7,,,,,
M-800RCT-EB    D00,Remote Audio Control Panel W/ Display,275.63,CN,8537109899,0.3,,,,,
M-800RM-EB     D00,Remote Microphone,262.5,CN,8518109590,0.8,,,,,
M-802RC-EB     D00,Remote Audio Control Panel W/ Audio Out,165.38,CN,8537109899,0.3,,,,,
M-804EX-EB     D00,Extension Module 4 Ports,173.25,VN,8517692000,1.4,,,,,
M-8080D-EB     D00,8 X 8 Digital Matrix Mixer,845.25,JP,8518408099,5.75,,,,,
M-822IO-EB     D00,Input Output Panel,178.5,CN,8537109899,0.3,,,,,
M-864D    CE-GB,DIGITAL STEREO MIXER,1498,JP,8518400090,6.75,,,,,
M-864D    CE-GBA00,DIGITAL STEREO MIXER,1498,JP,8518408099,6.75,,,,,
M-864D    CE-GBA01,DIGITAL STEREO MIXER,1397.2,JP,8518408099,6.75,,,,,
M-9000    CE-GB,9000 SERIES PRI-AMPLIFIER,265.82,CN,8518400090,9.6,,,,,
M-9000M2  CE   B00,9000M2SERIES PRE-AMPLIFIER,417.38,CN,8518408099,9.6,,,,,
M-9000M2  CE-GB,9000M2SERIES PRE-AMPLIFIER,333.38,CN,8518400090,9.6,,,,,
M-9000M2  CE-GBB00,9000M2SERIES PRE-AMPLIFIER,446.25,CN,8518408099,9.6,,,,,
MA-725F-EB  4CED00,4 CHANNEL MIXER POWER AMPLIFIER,916.13,TW,8518408099,11.95,,,,,
MB-15B,RACK MOUNTING BRACKET,9.19,JP,7326909890,0.1,,,,,
MB-15B-BK,BLANK PANEL,18.38,JP,8302420090,0.46,,,,,
MB-15B-J,JOINT METAL PLATE,11.03,JP,8302420090,0.3,,,,,
MB-21B2,RACK MOUNT BRACKET,12.85,JP,8302420090,0.26,,,,,
MB-25B,RACK MOUNTING BRACKET,18.38,TW,8302420090,0.2,,,,,
MB-25B-BK,RACK MOUNTING BRACKET,18.56,TW,8302420090,0.71,,,,,
MB-25B-J,RACK MOUNTING BRACKET,18.56,TW,8302420090,0.2,,,,,
MB-36,RACK MOUNTING BRACKET,19.43,TW,7326909890,0.4,,,,,
MB-IEM-1       QO,Rack Mounting Bracket for IEM4.16,7.35,CN,7326909890,0,,,,,
MB-IEM-2       QO,RackMountingBracket forIEM4.16&Joint Kit,7.35,CN,7326909890,0,,,,,
MB-S4RX-5-EB,"19"" Rackmount tray for 2 receivers(5pcs)",15.23,TW,7326909890,0.73,,,,,
MB-TS900,RACK MOUNT BRACKET,90.83,VN,7326909890,0.86,,,,,
MB-TS920       E00,RACK MOUNTING BRACKET,46.73,TW,8302420090,0.85,,,,,
MB-WT3,MOUNT BRACKET,18.38,TW,7326909890,0.74,,,,,
MB-WT4,MOUNT BRACKET,26.25,TW,7326909890,0.39,,,,,
MD-200CTU-EB   D00,Music Device with CD Player,294,TW,65000000,5,,,,,
MD-210CTU-EB   D00,MUSIC DEVICE WITH CD PLAYER,333.2,TW,65000000,4.45,,,,,
MIC-LP2,LAPEL MICROPHONE,15.75,TW,8518100090,0.026,,,,,
MIC-S2.4-HD3   QO,HEADSET 3,10.5,CN,8518109590,0,,,,,
MIC-S2.4-HD4   QO,HEADSET 4,13.13,CN,8518109590,0,,,,,
MIC-SJ212-B-R,Trantec HI-Q Lavalier Mic BLK Red Dot 12,83.48,GB,8518100090,0.02,,,,,
MIC-SJ212-P-R,Trantec HI-Q Lavalier Mic Beige Red Dot,83.48,GB,8518100090,0.02,,,,,
MIC-SJ22-B-R,Trantec HI-Q Headworn Mic BLK Red Dot 12,97.13,GB,8518100090,0.03,,,,,
MIC-SJ22-P-R,Trantec HI-Q Head Mic BEIGE Red Dot 12db,97.13,GB,8518100090,0.03,,,,,
MIC-SJ23-B-R   QO,Trantec Headband Black Mic,97.13,GB,8518100090,0,,,,,
MIC-SJ23-P-R   QO,Trantec Headband Pink Mic,97.13,GB,8518100090,0,,,,,
MIC-SJ33,Trantec HM33 Headband Mic,22.31,TW,8518100090,0.1,,,,,
MIC-SJ55,Trantec LM-55 Lavalier Mic,51.98,SG,8518100090,0.03,,,,,
MIC-SJ66-BK,Slim Vocal Headworn Mic BLK Fitted,70.88,SG,8518100090,0.1,,,,,
MIC-SJ66-BL,Slim Vocal Headword Mic BLUE Fitted,70.88,SG,8518100090,0.02,,,,,
MIC-SJ66-YE,Slim Vocal Headword Mic YELL Fitted,70.88,SG,8518109590,0.02,,,,,
MIC-SJEM77-P,Trantec EM77 Earworn Mic 3.5mm Jack Con,51.98,TW,8518100090,0.03,,,,,
MIC-TS2,Trantec LP2 Omni-Directional Back,39.38,GB,8518100090,0.02,,,,,
MIC-TS212-B-R,Trantec HI-Q Lavalier Mic BLK,83.48,GB,8518100090,0.03,,,,,
MIC-TS212-P-R,Trantec HI-Q Lavalier Mic BEIGE,83.48,GB,8518100090,0.03,,,,,
MIC-TS22-B-R,Trantec HI-Q Head Mic BLK W/Clip Fitted,110.25,GB,8518100090,0.03,,,,,
MIC-TS22-P-R,Trantec HI-Q Head Mic BEIGE W/Clip Fitte,110.25,GB,8518100090,0.03,,,,,
MIC-TS33,Trantec TS33 Headband Mic for Speech,28.88,GB,8518100090,0.1,,,,,
MIC-TS55,Trantec LM-55 Lavalier Mic C/W 4 PinLEMO,60.09,GB,8518100090,0.1,,,,,
MIC-TS66-BK,Trantec Slim Vocal Headworn Mic BLK,91.88,SG,8518100090,0.2,,,,,
MIC-TS66-BL,Trantec Slim Vocal Headworn Mic BLUE,91.88,GB,8518100090,0.2,,,,,
MIC-TS66-YE,Trantec Slim Vocal Headworn Mic YEL,91.88,SG,8518100090,0.2,,,,,
MIC-TSEM77-P,Trantec EM-77 Earworn Mic 4pin LEMO con,55.13,GB,8518100090,0.2,,,,,
MIC-X2,LAPEL MICROPHONE,23.63,TW,8518100090,0.026,,,,,
MIC-X212-B-R,Trantec HI-Q Lavalier Mic BLK,83.48,GB,8518100090,0.2,,,,,
MIC-X212-P-R,Trantec HI-Q Lavalier Mic BEIGE,83.48,GB,8518100090,0.2,,,,,
MIC-X22-B-R,Trantec HI-Q Head Mic BLK W/Clip Fitted,102.38,GB,8518100090,0.2,,,,,
MIC-X22-P-R,TRANTEC HI-Q HEAD MIC BEIGE W/CLIP FITTE,102.38,GB,8518100090,0.105,,,,,
MIC-X23-B-R    QO,Trantec Headband Black Mic mini XLR,102.38,GB,8518100090,0,,,,,
MIC-X23-P-R    QO,Trantec Headband Pink Mic mini XLR,102.38,GB,8518100090,0,,,,,
MIC-X33,Trantec HM33 Headband Mic for Speech,26.25,TW,8518100090,0.119,,,,,
MIC-X55,Trantec LM-55 Lavalier Mic,51.98,SG,8518100090,0.3,,,,,
MIC-X66-BK,Slim Vocal Headworn Mic BLK,76.13,SG,8518100090,0.2,,,,,
MIC-X66-BL,Slim Vocal Headworn Mic BLUE,76.13,SG,8518100090,0.2,,,,,
MIC-X66-YE,Slim Vocal Headworn Mic YELLOW,76.13,SG,8518100090,0.2,,,,,
MIC-XEM77-P,Trantec HI-Q Single Ear Mic with XLR,49.88,TW,8518100090,0.05,,,,,
MM-700F-EB  4CED00,4 Channel Mixer,556.5,TW,8518408099,9.65,,,,,
MP-032B,MONITOR PANEL,149.63,JP,9030338090,3.1,,,,,
MP-1216   H,MULTI CHANNEL MONITOR,560,JP,9030333090,7.15,,,,,
MP-1216   H    A00,MULTI CHANNEL MONITOR,560,JP,9030333090,6.3,,,,,
MP-1216   H    A01,MULTI CHANNEL MONITOR,560,JP,9030333090,6.3,,,,,
MT-200,MATCHING TRANSFORMER,61.6,ID,8504312990,3.38,,,,,
MT-200    EU,MATCHING TRANSFORMER,61.6,ID,8504312990,3.38,,,,,
MT-251H,MATCHING TRANSFORMER,89.6,CN,8504312990,2.8,,,,,
MT-S0301,MATCHING TRANSFORMER,28,JP,8504312990,0.43,,,,,
MT-S0301       A00,MATCHING TRANSFORMER,33.6,JP,8504312990,0.43,,,,,
MT-S0601,MATCHING TRANSFORMER,53.2,JP,8504312990,1.54,,,,,
MW-1U-BLANK    QO,1U Rack Blanking Plate,5.25,GB,7326909890,0,,,,,
MX-6224D    4CEF00,DIGITAL MIXER AMPLIFIER 2X240W,577.5,ID,8518408099,8.34,,,,,
N-8000AF  CE,AUDIO INTERFACE UNIT,585,JP,8517692000,2.4,,,,,
N-8000AF  CE-GB,AUDIO INTERFACE UNIT,585,JP,8517692000,2.4,,,,,
N-8000AL  CE-GB,TELEPHONE INTERFACE UNIT,687,JP,8517692000,2.4,,,,,
N-8000CO  CE-GB,C/O INTERFACE UNIT,657,JP,8517692000,2.4,,,,,
N-8000DI  CE-GB,DIRECT SELECT UNIT,719.4,JP,8517692000,4.2,,,,,
N-8000EX  CE,IP INTERCOM EXCHANGE,2375.4,JP,8517692000,6.4,,,,,
N-8000EX  CE-GB,IP INTERCOM EXCHANGE,2397,JP,8517692000,6.25,,,,,
N-8000EX  CE-GBA00,IP INTERCOM EXCHANGE,2397,JP,8517692000,6.25,,,,,
N-8000EX  CU,IP INTERCOM EXCHANGE,2375.4,TW,8517692000,6.4,,,,,
N-8000MI  CE-GB,MULTI INTERFACE UNIT,1137,JP,8517692000,4.8,,,,,
N-8000MS  Y,MASTER STATION,297,CN,8517692000,1,,,,,
N-8000MS  Y    A01,MASTER STATION,315,JP,8517692000,1,,,,,
N-8000RS  CE,SUB STATION INTERFACE UNIT,1122,JP,8517692000,5.7,,,,,
N-8000RS  CE-GB,SUBSTATION INTERFACE UNIT,1137,JP,8517692000,5.7,,,,,
N-8010EX  CE,IP INTERCOM EXCHANGE,1617,JP,8517692000,6.4,,,,,
N-8010EX  CE-GB,IP INTERCOM EXCHANGE,1617,JP,8517692000,6.05,,,,,
N-8010EX  CE-GBA00,IP INTERCOM EXCHANGE,1617,JP,8517692000,6.05,,,,,
N-8010MS  Y,MASTER STATION,189.6,CN,8517692000,1,,,,,
N-8010MS  Y    A00,MASTER STATION,225,JP,8517692000,1,,,,,
N-8010MS  Y    C00,MASTER STATION,210,CN,8517692000,1,,,,,
N-8010RS  CE,SUB STATION INTERFACE UNIT,897,TW,8517692000,5.6,,,,,
N-8011MS  Y,MASTER STATION,162,JP,8517692000,0.56,,,,,
N-8011MS  Y    A01,MASTER STATION,162,JP,8517692000,0.56,,,,,
N-8020MS  Y,MASTER STATION,309,CN,8517692000,1.35,,,,,
N-8020MS  Y    A00,MASTER STATION,354,JP,8517692000,1.35,,,,,
N-8020MS  Y    C00,MASTER STATION,309,CN,8517692000,1.35,,,,,
N-8031MS  Y,MASTER STATION,255,CN,8517692000,1.3,,,,,
N-8031MS  Y    A00,MASTER STATION,255,CN,8517692000,1.3,,,,,
N-8031SB       C00,STATION BOARD,150,CN,8517692000,0.34,,,,,
N-8033MS  Y,MASTER STATION,405,CN,8517692000,1.35,,,,,
N-8033MS  Y    A00,MASTER STATION,405,JP,8517692000,1.35,,,,,
N-8050DS,DOOR STATION,210,JP,8517692000,0.97,,,,,
N-8050SB,DOOR STATION BOARD,150,JP,8517692000,0.23,,,,,
N-8050SB       C00,DOOR STATION BOARD,129,JP,8517692000,0.23,,,,,
N-8065MS  Q-TEE,HEAVY DUTY INDUSTRIAL MASTER STATION,915,,8517692000,3.75,,,,,
N-8400RS  CE,SUB STATION INTERFACE UNIT,957,TW,8517692000,5.8,,,,,
N-8400RS  CU,SUB STATION INTERFACE UNIT,957,TW,8517692000,5.8,,,,,
N-8410MS  Y,ANALOGUE MASTER STATION,201,CN,8517692000,1,,,,,
N-8500MS  Y,IP MASTER STATION,549.62,JP,8517692000,1,,,,,
N-8510MS  Y,IP MASTER STATION,495,CN,8517692000,1,,,,,
N-8540DS,IP DOOR STATION,458.26,JP,8517692000,1,,,,,
N-8600MS  Y,IP MASTER STATION,621,CN,8517692000,1.1,,,,,
N-8600MS  Y    A00,IP MASTER STATION,597,CN,8517692000,1.1,,,,,
N-8610RM,IP REMOTE MICROPHONE STATION,717,JP,8517692000,1.3,,,,,
N-8640DS,IP DOOR STATION,519,JP,8517692000,1.1,,,,,
N-8640DS       A00,IP DOOR STATION,537,JP,8517692000,1.1,,,,,
N-8640DS       C00,IP DOOR STATION,537,JP,8517692000,1.1,,,,,
N-8640SB,IP DOOR STATION BOARD,390,JP,8517692000,0.75,,,,,
N-8650DS,IP INDOOR STATION,477,JP,8517692000,0.75,,,,,
N-8650MS Q-TEE Q3,Heavy Industrial Station,0.6,,8517692000,0,,,,,
N-SP80AS1   Q,SIP AUDIO DOOR STATION,435,CN,8537109899,0.92,,,,,
N-SP80MS1   QCU,SIP MULTIMEDIA STATION,630,CN,8537109899,1.44,,,,,
N-SP80VS1   Q,SIP VIDEO DOOR STATION,555,CN,8537109899,0.96,,,,,
NC807C         QO,Ceiling Pull Unit,11.98,GB,85189000,0,,,,,
NC951          QO,Disabled Persons Toilet Alarm Kit,65,GB,85189000,0,,,,,
NF-2           D00,NEAR FIELD PA SYSTEM,236.25,CN,8519819590,1.05,,,,,
NF-2S       1CED00,WINDOW INTERCOM SYSTEM,1,TW,8517699090,1.15,,,,,
NF-2S       4CED00,WINDOW INTERCOM SYSTEM,1,TW,8517699090,1.17,,,,,
NF-CS1         D00,EXPANSION SET,65.63,TW,8517699090,0.28,,,,,
NM-01AM        QD,Noise Masking Module,259.88,,85182100,0,,,,,
NX-100,NETWORK AUDIO ADAPTER,597,JP,8517699090,1.94,,,,,
NX-100    W,NETWORK AUDIO ADAPTER,570,JP,8517699090,1.94,,,,,
NX-100S,NETWORK AUDIO ADAPTER,447,JP,8517699090,1.94,,,,,
NX-100S   W,NETWORK AUDIO ADAPTOR,447,JP,8517699000,1.83,,,,,
NX-100S   W    A00,NETWORK AUDIO ADAPTOR,447,JP,8517699090,1.83,,,,,
NX-300      W  A00,NETWORK AUDIO ADAPTER,957,JP,8517699000,2.18,,,,,
NX-300      W  B00,NETWORK AUDIO ADAPTER,924,JP,8517699090,2.18,,,,,
P-1812    UK,PA AMPLIFIER,177.98,CN,8518400090,15.7,,,,,
P-2240    CE-GB,BOOSTER AMPLIFIER,217.88,ID,8518400090,14.5,,,,,
P-3248D-EB  4CEF00,DIGITAL BOOSTER AMPLIFIER,275.63,ID,8518400090,6.6,,,,,
P-3548D     1CEE00,POWER AMPLIFIER,275.63,ID,8518400090,6.7,,,,,
P-3548D     4CEE00,POWER AMPLIFIER,364.88,ID,8518400090,6.75,,,,,
PAN-1U19-BNC,"1U, 19"" BNC Rack Mount Panel (for mounti",10.5,TW,85364110,0,,,,,
PC-1860        F00,CEILING MOUNT SPEAKER 5INCH 6W,14.96,ID,8518210000,0.75,,,,,
PC-1860AB-EB   F00,AB CEILING SPEAKER,36.75,CN,8518408099,3.24,,,,,
PC-1860BS      F00,CEILING MOUNT FIREDOME SPEAKER 5INCH 6W,18.38,ID,8518210000,1.2,,,,,
PC-1860BS-C    F00,CEILING MOUNT FIREDOME SPEAKER 5INCH 6W,21,ID,8518210000,1.2,,,,,
PC-1860F       F00,CEILING MOUNT FIREDOME SPEAKER 5INCH 6W,21,,8518210000,1.2,,,,,
PC-1860S       F00,CEILING MOUNT SPEAKER 5INCH 6W,17.33,ID,8518299599,0.85,,,,,
PC-1865BS      F00,CEILING MOUNT FIREDOME SPEAKER 5INCH 6W,17.06,ID,8518299599,0.95,,,,,
PC-1865BS-EB   QO,Panel Cone Speaker,11.5,ID,8518299599,0,,,,,
PC-1867F,FIREDOME SPEAKER,18.12,ID,8518210000,1.5,,,,,
PC-1867FC,FIREDOME SPEAKER,18.64,ID,8518210000,2.03,,,,,
PC-1867FC      F00,FIREDOME SPEAKER,18.64,ID,8518210000,2.03,,,,,
PC-1867FCQ,Firedome Speaker,21,ID,8518210000,2.03,,,,,
PC-1868W-EB,Ceiling Speaker,9.98,,8518210000,1.76,,,,,
PC-1868W-EB    100,CEILING MOUNT SPEAKER,9.98,,8518210000,1.76,,,,,
PC-1868W-EB    102,CEILING MOUNT SPEAKER,11.81,CN,8518210000,1.76,,,,,
PC-1869,CEILING MOUNT SPEAKER 5INCH 6W,12.49,ID,8518299599,0.9,,,,,
PC-1869EN,CEILING MOUNT SPEAKER,21,ID,8518299599,0.9,,,,,
PC-1869S,CEILING MOUNT SPEAKER 5INCH 6W,14.18,ID,8518210000,1,,,,,
PC-1869S       F00,CEILING MOUNT SPEAKER 5INCH 6W,14.18,ID,8518299599,1,,,,,
PC-2360        F00,CEILING MOUNT SPEAKER 6INCH 6W,18.9,ID,8518299599,0.95,,,,,
PC-2369,CEILING MOUNT SPEAKER 6INCH 6W,18.38,ID,8518299599,1.1,,,,,
PC-2369        F00,CEILING MOUNT SPEAKER 6INCH 6W,18.38,ID,8518299599,1.1,,,,,
PC-2369EN,CEILING MOUNT SPEAKER,23.63,ID,8518299599,1.1,,,,,
PC-2369EN      F00,CEILING MOUNT SPEAKER,17.06,ID,8518299599,1.1,,,,,
PC-245AB-EB,CEILING SPEAKER WITH FIRE DOME,60.38,TW,8518210000,2.1,,,,,
PC-2668,PANEL CONE SPEAKER,17.06,ID,8518210000,1.2,,,,,
PC-275AB-EB,Surface Ceiling Mount Speaker,55.13,TW,8518210000,2.04,,,,,
PC-2852,CEILING MOUNT SPEAKER 8INCH COAX 15W,28.88,ID,8518210000,2.1,,,,,
PC-2852        F00,CEILING MOUNT SPEAKER 8INCH COAX 15W,30.19,ID,8518210000,2.1,,,,,
PC-2852-EB     QO,MOUNT SPEAKER 8INCH COAX 15W AXIS,17.2,ID,8518210000,2.1,,,,,
PC-2869,CEILING MOUNT SPEAKER 8INCH 6W,26.25,ID,8518210000,1.9,,,,,
PC-2869        F00,CEILING MOUNT SPEAKER 8INCH 6W,26.25,ID,8518210000,1.9,,,,,
PC-391    Y,PANEL CONE SPEAKER,17.49,JP,8518299599,0.7,,,,,
PC-3CL,CEILING SPEAKER,78.75,JP,8518210000,0.9,,,,,
PC-3WR,CEILING SPEAKER,49.88,JP,8518210000,1,,,,,
PC-5CL,CEILING SPEAKER,70.88,JP,8518210000,0.8,,,,,
PC-648R,CEILING MOUNT SPEAKER,6.83,ID,8518210000,0.63,,,,,
PC-648R        F00,CEILING MOUNT SPEAKER,9.98,ID,8518210000,0.52,,,,,
PC-658R,CEILING MOUNT SPEAKER,7.88,ID,8518210000,0.68,,,,,
PC-658R        F00,CEILING MOUNT SPEAKER,11.55,ID,8518210000,0.68,,,,,
PDA200/2       QO,200m2 Freestanding Induction Loop amp,216,GB,85182100,0,,,,,
PDA500/2       QO,500m2 Freestanding Induction Loop amp,295,GB,85182100,0,,,,,
PE-154BS,PENDANT SPEAKER,91.88,ID,8518210000,3.5,,,,,
PE-154BS-B     QO,PE-154BS Black,109.25,ID,8518210000,0,,,,,
PE-154EN,PENDANT SPEAKER,56.7,ID,8518210000,3.6,,,,,
PE-304,PENDANT SPEAKER 30W 2WAY,55.13,ID,8518210000,3.2,,,,,
PE-304BU,PENDANT SPEAKER 30W,99.75,ID,8518210000,3.5,,,,,
PE-304WU,PENDANT SPEAKER 30W,99.75,ID,8518210000,3.5,,,,,
PE-604BU,PENDANT SPEAKER 60W,115.5,ID,8518210000,4.46,,,,,
PE-604WU,PENDANT SPEAKER 60W,115.5,ID,8518210000,4.46,,,,,
PE-64,PENDANT SPEAKER 6W,42,ID,8518210000,2.9,,,,,
PF-013B,1-SIZE PERFORATED PANEL,8.4,GB,8518900000,0.2,,,,,
PF-023B,2-SIZE PERFORATED PANEL,11.24,JP,85189000,0.3,,,,,
PJ-100W,PROJECTION SPEAKER,31.5,ID,8518210000,1.9,,,,,
PJ-154BS,PROJECTION SPEAKER,94.5,ID,8518210000,3.6,,,,,
PJ-200W,PROJECTION SPEAKER,42,ID,8518210000,2.7,,,,,
PJ-200W   EU,PROJECTION SPEAKER,42,ID,8518210000,2.8,,,,,
PJ-202DL-EB,BIDIRECTIONAL PROJECTION SPEAKER,102.38,TW,8518210000,3.8,,,,,
PJ-304,PROJECTION SPEAKER 30W 2WAY,60.38,ID,8518210000,3.4,,,,,
PJ-64,PROJECTION SPEAKER 6W,49.88,ID,8518210000,3.1,,,,,
PJ-64BS        QO,Projection Speaker,36.85,ID,8518210000,3.1,,,,,
PM-120,PAGING MICROPHONE,33.67,JP,8518100090,0.3,,,,,
PM-222,PAGING MICROPHONE,19.69,ID,8518100090,0.3,,,,,
PM-222    EU,PAGING MICROPHONE,19.69,ID,8518100090,0.3,,,,,
PM-222D,PAGING MICROPHONE,23.63,ID,8518100090,0.3,,,,,
PM-222D   EU,PAGING MICROPHONE,23.63,ID,8518100090,0.3,,,,,
PM-306D,PAGING MICROPHONE,49.88,JP,8518100090,0.53,,,,,
PM-660,PAGING MICROPHONE,36.75,ID,8518100090,0.8,,,,,
PM-660D,PAGING MICROPHONE,44.63,ID,8518100090,0.8,,,,,
PM-660U,PAGING MICROPHONE,42,ID,8518100090,0.8,,,,,
PS-APH,Power Supply Unit 2A,48,,8536901000,0.3,,,,,
PS-S115-UK,AC ADAPTER,7.88,TW,8504408290,0.109,,,,,
PS/RACK-PDU,Trantec 5 Way Power Supply 220v > 15vdc,39.38,GB,8536901000,0.2,,,,,
PW-1230DB,PLANE WAVE SPEAKER,1349.25,JP,85182100,9.3,,,,,
PW-1230DW,PLANE WAVE SPEAKER,1349.25,JP,85182100,9.3,,,,,
PW-1230SB,PLANE WAVE SPEAKER,1307.25,JP,85182100,9.7,,,,,
PW-1230SW,PLANE WAVE SPEAKER,1307.25,JP,85182100,9.7,,,,,
PW-1430DB,PLANE WAVE SPEAKER,1963.5,JP,85182100,13.4,,,,,
PW-1430DW,PLANE WAVE SPEAKER,1963.5,JP,85182100,13.4,,,,,
PW-1430SB,PLANE WAVE SPEAKER,1963.5,JP,85182100,14.3,,,,,
PW-1430SW,PLANE WAVE SPEAKER,1963.5,JP,85182100,14.3,,,,,
Q-A-2030  GB,30W MIXER AMPLIFIER XLR VERSION,89.25,ID,8518400090,6,,,,,
Q-A-2060  GB,60W MIXER AMPLIFIER XLR VERSION,118.13,ID,8518400090,8,,,,,
Q-A-2120  GB,120W MIXER AMPLIFIER XLR VERSION,151.73,ID,8518400090,12.1,,,,,
Q-A-2240  GB,240 Watt Mixer Amplifier XLR Version,235.73,ID,8518400090,0,,,,,
Q-HA-1000 85300,Long Range Slim Array Speaker,1312.5,TW,8518220090,0,,,,,
Q-HA-1100 85300,Speaker Mounting Bracket for Q-HA-1000,309.75,TW,65000000,0,,,,,
Q-HY-1030W,BS-1030W BRACKET KIT (AXIS/SCANFIL ONLY),2.52,ID,65000000,0,,,,,
Q-PC-1867FC-C,SPEAKER,21.87,ID,8518210090,2.03,,,,,
Q-SC-615S      QO,15 WATT (8 OHM) Paging Horn Speaker,7.35,ID,8518210000,1.4,,,,,
Q-SX200EL,EOL MODULE,15.75,TW,8518400090,0.05,,,,,
RACKVENT 1U    QO,RACKVENT Rack ventilation panel 1U,6.87,GB,85189000,0,,,,,
RC-001T,9000M2SERIES REMOTE CONTROL MODULE,107.63,CN,8518400090,0.11,,,,,
RC-001T        B00,9000M2SERIES REMOTE CONTROL MODULE,102.38,CN,8518408099,0.11,,,,,
RC-03          F00,REMOTE CONTROLLER,31.5,ID,8518408099,0.44,,,,,
RCR-12U/600    QO,Cabinet Rack  12U 600W x 600D,268.2,GB,85189000,0,,,,,
RCR-12U/800    QO,Cabinet Rack  12U 600W x 800D,460.88,GB,85189000,0,,,,,
RCR-12U/800 IP3QO,Cabinet Rack  12U 600W x 800D IP30,324.6,GB,85189000,0,,,,,
RCR-16U/600    QO,Cabinet Rack  16U 600W x 600D,285,GB,85189000,0,,,,,
RCR-16U/800    QO,Cabinet Rack  16U 600W x 800D,505.4,GB,85189000,0,,,,,
RCR-16U/800 IP3QO,Cabinet Rack  16U 600W x 800D IP30,348,GB,85189000,0,,,,,
RCR-22U/600    QO,Cabinet Rack  22U 600W x 600D,325.8,GB,85189000,0,,,,,
RCR-22U/800    QO,Cabinet Rack  22U 600W x 800D,549.48,GB,85189000,0,,,,,
RCR-22U/800 IP3QO,Cabinet Rack  22U 600W x 800D IP30,386.4,GB,85189000,0,,,,,
RCR-26U/600    QO,Cabinet Rack  26U 600W x 600D,348,GB,85189000,0,,,,,
RCR-26U/800    QO,Cabinet Rack  26U 600W x 800D,566.91,GB,85189000,0,,,,,
RCR-26U/800 IP3QO,Cabinet Rack  26U 600W x 800D IP30,403.2,GB,85189000,0,,,,,
RCR-32U/600    QO,Cabinet Rack  32U 600W x 600D,366,GB,85189000,0,,,,,
RCR-32U/800    QO,Cabinet Rack  32U 600W x 800D,611.56,GB,8518900000,0,,,,,
RCR-32U/800 IP3QO,Cabinet Rack  32U 600W x 800D IP30,437.4,GB,85189000,0,,,,,
RCR-36U/600    QO,Cabinet Rack  36U 600W x 600D,381.6,GB,85189000,0,,,,,
RCR-36U/800    QO,Cabinet Rack  36U 600W x 800D,666.19,GB,8518900000,0,,,,,
RCR-36U/800 IP3QO,Cabinet Rack  36U 600W x 800D IP30,453.6,GB,85189000,0,,,,,
RCR-42U/600    QO,Cabinet Rack 42U 600W x 600D,426,GB,85189000,0,,,,,
RCR-42U/800    QO,Cabinet Rack 42U 600W x 800D,720.81,GB,85189000,0,,,,,
RCR-42U/800 IP3QO,Cabinet Rack 42U 600W x 800D IP30,509.4,GB,85189000,0,,,,,
RCR-47U/600    QO,Cabinet Rack 47U 600W x 600D,493.8,GB,85189000,0,,,,,
RCR-47U/800    QO,Cabinet Rack 47U 600W x 800D,546,GB,85189000,0,,,,,
RCR-6HPD       QO,6 Way Power Distribution  Horizontal,53.33,GB,85189000,0.6,,,,,
RCR-6HPD CMD   QO,6 Way Hor PDU 32A Commando Plug,114.44,GB,85189000,0,,,,,
RCR-ADJ-FIX    QO,ADJUST FIXED SHELF,26.4,GB,85189000,0,,,,,
RCR-BAT SHELF  QO,ENCLOSURE SYSTEMS HEAVY DUTY Base shelf,108.31,GB,8518900000,0,,,,,
RCR-CSU/600    QO,Chassis Guides(Pair)400for 600 Deep Rack,30.61,GB,85189000,0,,,,,
RCR-CSU/800    QO,Chassis Guides(Pair)600for 800 Deep Rack,37.9,GB,8518900000,1.2,,,,,
RK-8VX,Relay Module for VX-2000,141.78,,8537109899,0,,,,,
RM-200M   S,REMOTE MICROPHONE,204.23,CN,8518100090,1.34,,,,,
RM-200M   S    D00,REMOTE MICROPHONE,191.63,CN,8518109590,1.34,,,,,
RM-200M   S    D01,REMOTE MICROPHONE,191.63,TW,8518109590,1.34,,,,,
RM-200M-AL,"Remote Microphone,surveillance",297,TW,8518100090,1.4,,,,,
RM-200RJ,TERMINAL UNIT,73.16,CN,8537109899,0.34,,,,,
RM-200SA,REMOTE MICROPHONE,661.79,CN,8518100090,1.35,,,,,
RM-200SA       C00,REMOTE MICROPHONE,661.79,CN,8518109590,1.35,,,,,
RM-200SF,SX-2000 FIREMAN'S MICROPHONE,749.4,CN,8518100090,2.2,,,,,
RM-200SF       C00,WALL MOUNT REMOTE MICROPHONE,749.4,CN,8518109590,2.2,,,,,
RM-200SF       D00,WALL MOUNT REMOTE MICROPHONE,690,TW,8518100090,2.2,,,,,
RM-200X   S,REMOTE MICROPHONE,285.43,CN,8518100090,1.467,,,,,
RM-200XF,FIREMAN'S MICROPHONE,493.97,CN,8518100090,1.82,,,,,
RM-210    S,REMOTE MICROPHONE EXTENSION,126,CN,8518100090,0.81,,,,,
RM-210    S    D00,REMOTE MICROPHONE EXTENSION,115.5,TW,8518109590,0.81,,,,,
RM-210F,REMOTE MICROPHONE EXTENSION,135.98,CN,8518100090,0.7,,,,,
RM-210F        D00,REMOTE MICROPHONE EXTENSION,128.63,TW,8518100090,0.7,,,,,
RM-300MF,VM FIREMAN'S MICROPHONE,293.4,CN,8518100090,1.8,,,,,
RM-300MF       D00,VM FIREMAN'S MICROPHONE,249,CN,8518109590,1.8,,,,,
RM-300X        C00,REMOTE MICROPHONE,366.98,CN,8518109590,1.3,,,,,
RM-300X        C01,REMOTE MICROPHONE,366.98,CN,8518109590,1.3,,,,,
RM-300X        D00,REMOTE MICROPHONE,364.88,TW,8518100090,1.3,,,,,
RM-320F,FIREMAN'S MICROPHONE EXTENSION,185.4,CN,8518100090,1.85,,,,,
RM-320F        D00,FIREMAN'S MICROPHONE EXTENSION,177,TW,8518100090,1.35,,,,,
RM-500      Y  E00,REMOTE MICROPHONE,732.38,VN,8518109590,0.96,,,,,
RM-9012   EB,Remote Microphone,144.38,,8518100090,1.35,,,,,
RM-9012C-EB,Remote Microphone with Chime,154.88,TW,8518100090,1.35,,,,,
RS-140,SW PANEL,31.8,CN,8517700000,0.15,,,,,
RS-141,HANDSET,72,CN,8518302000,0.49,,,,,
RS-142,SWITCH BOARD,27,CN,8518302000,0.08,,,,,
RS-143,SW PANEL,30,CN,8518302000,0.15,,,,,
RS-144,SW PANEL,36,CN,8518302000,0.15,,,,,
RS-150,SUB STATION,63,JP,8517692000,0.51,,,,,
RS-160,SUB STATION,90,JP,8517692000,0.61,,,,,
RS-170,SUB STATION,129,JP,8517692000,0.61,,,,,
RS-180,SUB STATION,147,JP,8517692000,0.61,,,,,
RS-191,HANDSET,48,JP,8518302000,0.5,,,,,
RS-442,SWITCH BOARD,102,CN,8517692000,0.2,,,,,
RS-450,SUB STATION,57,CN,8517692000,0.61,,,,,
RS-450         A00,SUB STATION,66,JP,8517692000,0.61,,,,,
RS-460,SUB STATION,65.4,CN,8517692000,0.64,,,,,
RS-470,SUB STATION,75,CN,8517692000,0.65,,,,,
RS-480,SUB STATION,117,CN,8517692000,0.675,,,,,
RS-480         A00,SUB STATION,132,CN,8517692000,0.68,,,,,
RS-481,HANDSET,69,CN,8518302000,0.49,,,,,
RU-2001,AMPLIFIER CONTROL UNIT,78.75,JP,8518400090,0.8,,,,,
RU-2002,AMPLIFIER CONTROL UNIT,112.88,JP,8518400090,0.8,,,,,
RW-4800   UK,ROM WRITER,180,TW,8471800000,1.2,,,,,
S2.4-BT-G3,Beltpack w/o LCD,32.81,CN,8517693000,0.25,,,,,
S2.4-BTX-G3,Beltpack with LCD and Lapel Mic,36.23,CN,8517693000,0.25,,,,,
S2.4-HDX-G3,Handheld Microphone,36.23,CN,8517693000,0.37,,,,,
S2.4-RX-G3,2 Ch Tuner w/o LCD (half size),42,CN,8517693000,1,,,,,
S2.4-RX1-G3,1 Ch Tuner with LCD (Half size),57.23,CN,8517693000,1.6,,,,,
S2.4-RX2-G3,2 Ch Tuner with LCD (1 Unit size),67.73,CN,8517693000,1.4,,,,,
S2.4BBX        QO,S2.4BTX-G3 (x2) + S2.4RX2-G3,135.98,CN,8517693000,0,,,,,
S2.4BX,S2.4BTX-G3 + S2.4RX1-G3,102.38,CN,8517693000,1.72,,,,,
S2.4HBX,S2.4HDX-G3 + S2.4BTX-G3 + S2.4RX2-G3,130.73,CN,8517693000,3.3,,,,,
S2.4HHX        QO,S2.4HDX-G3(x2) + S2.4RX2-G3,135.98,CN,8517693000,0,,,,,
S2.4HX,S2.4HDX-G3 + S2.4RX1-G3,102.38,CN,8517693000,1.85,,,,,
S2.4TX-G3,Handheld Microphone,32.81,CN,8517693000,0.36,,,,,
S4.04-B-EB  GD5,Beltpack Mic Set,99.23,TW,8517693000,0,,,,,
S4.04-BTX-EBWD5,Beltpack Transmitter,47.25,TW,8517693000,0,,,,,
S4.04-HD-EB GD5,WIRELESS SET,114.98,TW,8517693000,0.945,,,,,
S4.04-HDX-EBWD5,Handheld Transmitter,57.23,TW,8517693000,0,,,,,
S4.04-L-EB  GD5,Lapel Mic Set,114.98,TW,8517693000,0,,,,,
S4.04-RX-EB GD5,UHF Wireless Tuner,78.23,TW,8517693000,0,,,,,
S4.10-B-EB  GD4,Beltpack Mic Set,120.23,TW,8517693000,0,,,,,
S4.10-B-EB  GG3,BELTPACK MIC SET,120.23,TW,8517693000,0.57,,,,,
S4.10-BTX-EBWD4,Bodypack Transmitter,57.23,TW,8517693000,0,,,,,
S4.10-BTX-EBWG3,BELTPACK TRANSMITTER,57.23,TW,8517693000,0,,,,,
S4.10-HD-EB GD4,Handheld Mic Set,128.63,TW,8517693000,1.1,,,,,
S4.10-HD-EB GG3,HANDHELD MIC SET - PREVOIR PS-S115 ER,128.63,TW,8517693000,0.73,,,,,
S4.10-HDX-EBWD4,Handheld Transmitter,78.23,TW,8517693000,0,,,,,
S4.10-HDX-EBWG3,Handheld Transmitter,78.23,TW,8517693000,0,,,,,
S4.10-L-EB  GD4,Lapel Mic Set,128.63,TW,8517693000,0,,,,,
S4.10-L-EB  GG3,Lapel Mic Set,128.63,TW,8517693000,0.57,,,,,
S4.10-RX2-EBGD4QO,Dual Wireless Receiver,149.63,TW,8517693000,0,,,,,
S4.10-RX2-EBGG3QO,Dual Wireless Receiver,149.63,TW,8517693000,3,,,,,
S4.10-RXA-EBGD4,Diversity Receiver,88.73,TW,8517693000,0,,,,,
S4.10-RXA-EBGG3,DIVERSITY RECEIVER,88.73,TW,8517693000,0,,,,,
S4.16HA BNC,Antenna Booster 600-950MHz BNC,31.5,,8518400090,0,,,,,
S5-ADU-CW,ANTENNA DISTRIBUTOR,219.26,,8529108090,0,,,,,
S5-ADU-DW,ANTENNA DISTRIBUTOR,219.26,,8529108090,0,,,,,
S5-ADU-GW,ANTENNA DISTRIBUTOR,219.26,TW,8529108090,2.15,,,,,
S5.3-B-G2U,WIRELESS SET,294,TW,8517693000,3.1,,,,,
S5.3-BTX-G2W,WIRELESS TRANSMITTER,181.31,TW,8517693000,0.33,,,,,
S5.3-HC-G2U,WIRELESS SET,338.97,TW,8517693000,3.2,,,,,
S5.3-HCX-G2W,WIRELESS MICROPHONE,223.76,TW,8517693000,0.7,,,,,
S5.3-HD-G2U,WIRELESS SET,316.33,TW,8517693000,3.2,,,,,
S5.3-HDX-G2W,WIRELESS MICROPHONE,181.31,TW,8517693000,0.7,,,,,
S5.3-L-G2U,WIRELESS SET,316.33,TW,8517693000,3.1,,,,,
S5.3-RX-G2W,WIRELESS TUNER,169.18,TW,8517693000,2.3,,,,,
S5.5-B-G1U,WIRELESS SET,307.13,TW,8517693000,3.1,,,,,
S5.5-BA-EB  GG1QO,BELTPACK TRANSMITTER SET W/O LAPEL MIC,312.38,TW,8517693000,2.95,,,,,
S5.5-BTX-G1W,WIRELESS TRANSMITTER,219.95,TW,8517693000,0.33,,,,,
S5.5-BTX2-EBWG1QO,BELTPACK TRANSMITTER,170.63,TW,8517693000,0,,,,,
S5.5-HC-G1U,WIRELESS SET,418.4,TW,8517693000,3.2,,,,,
S5.5-HCA-EB GG1QO,HANDHELD SET W/CONDENSER HEAD,1,TW,8517693000,0,,,,,
S5.5-HCX-G1W,WIRELESS MICROPHONE,258.54,TW,8517693000,0.7,,,,,
S5.5-HCX2-EBWG1QO,HANDHELD MICROPHONE W/CONDENSER HEAD,1,TW,8517693000,0,,,,,
S5.5-HD-G1U,WIRELESS SET,385.32,TW,8517693000,3.2,,,,,
S5.5-HDA-EB GG1QO,HANDHELD SET W/DYNAMIC HEAD,417.38,TW,8517693000,3.25,,,,,
S5.5-HDX-G1W,WIRELESS MICROPHONE,219.95,TW,8518100090,0.7,,,,,
S5.5-HDX2-EBWG1QO,HANDHELD MICROPHONE W/DYNAMIC HEAD,1,TW,8517693000,0,,,,,
S5.5-HTX-EB WG1QO,HANDHELD MICROPHONE,181.13,TW,8518109590,0.33,,,,,
S5.5-L-G1U,WIRELESS SET,385.32,TW,8517693000,3.1,,,,,
S5.5-LA-EB  GG1QO,LAPEL MIC SET,1,TW,8517693000,0,,,,,
S5.5-RX-G1W,WIRELESS TUNER,187.43,TW,8517693000,2.3,,,,,
S5.5-RXA-EB WG1QO,WIRELESS RECEIVER W/O AC ADAPTOR,207.38,TW,8517693000,0,,,,,
SC-610,PAGING HORN SPEAKER,26.25,ID,8518210000,1.3,,,,,
SC-610M,PAGING HORN SPEAKER,31.5,ID,8518210000,1.4,,,,,
SC-610M   EU,PAGING HORN SPEAKER,25.2,ID,8518210000,1.4,,,,,
SC-615,PAGING HORN SPEAKER,28.88,ID,8518210000,1.4,,,,,
SC-615BS,PAGING HORN SPEAKER,45.94,ID,8518210000,1.8,,,,,
SC-615BSC      QO,PAGING HORN SPEAKER with Capacitor,49.31,ID,8518210000,1.6,,,,,
SC-615M,PAGING HORN SPEAKER,34.13,ID,8518210000,1.6,,,,,
SC-615MC-EB Q  QO,PAGING HORN SPEAKER with Capacitor,28.86,,8518210000,1.6,,,,,
SC-615S-EB,15 WATT (8 OHM) Paging Horn Speaker,7.35,ID,8518210000,1.4,,,,,
SC-630,PAGING HORN SPEAKER,36.75,ID,8518210000,2.16,,,,,
SC-630M,PAGING HORN SPEAKER,42,ID,8518210000,2.63,,,,,
SC-630M   EB-Q,30 WATT WIDE RANGE HORN SPEAKER EN54-24,39.38,ID,8518210000,2.63,,,,,
SC-630M   EU,PAGING HORN SPEAKER,38.33,ID,8518210000,2.63,,,,,
SC-630S-EB     QO,Horn Speaker,24.5,ID,8518210000,0,,,,,
SC-630TU,PAGING HORN SPEAKER (UL),1,ID,8518210000,2.54,,,,,
SC-651,PAGING HORN SPEAKER,65.63,ID,8518210000,5,,,,,
SC-P620-EB     F00,POWERED HORN SPEAKER,94.5,ID,8518210000,2.75,,,,,
SDM            QO,Strobe Driver Module  12V,8,GB,85189000,0,,,,,
SO-MIX-T,Mixer Panel,128.63,,8536101090,0.6,,,,,
SP-1100,"WALL MOUNT BRACKET,MEGAPHONE",26.86,ID,8518900099,0.68,,,,,
SP-1100   EU,"WALL MOUNT BRACKET,MEGAPH",26.86,ID,8518900099,0.68,,,,,
SP-11N    AM,*Use SP-11N    AM   D00*,370.13,,85182100,0.7,,,,,
SP-131,SPEAKER MOUNT BRACKET,30.8,ID,7326909890,1.1,,,,,
SP-410,SPEAKER BRACKET,21,ID,7326909890,1,,,,,
SP-420,SPEAKER BRACKET,22.4,ID,7326909890,1,,,,,
SR-A12L,LINE ARRAY SPEAKER,1702.4,JP,8518220090,55.8,,,,,
SR-A12LWP,LINE ARRAY SPEAKER,2038.4,JP,8518220090,57.8,,,,,
SR-A12S,LINE ARRAY SPEAKER,1702.4,JP,8518220090,55,,,,,
SR-A12SWP,LINE ARRAY SPEAKER,2038.4,JP,8518220090,56,,,,,
SR-A18B,LINE ARRAY SPEAKER,1226.4,JP,8518210000,77.7,,,,,
SR-C15B,LINE ARRAY SPEAKER,1115.99,JP,8518220090,51,,,,,
SR-C15BWP,LINE ARRAY SPEAKER,1395.16,JP,8518220090,51,,,,,
SR-C8L,LINE ARRAY SPEAKER,1046.2,JP,8518220090,20.5,,,,,
SR-C8LWP,LINE ARRAY SPEAKER,1255.58,JP,8518220090,20.6,,,,,
SR-C8S,LINE ARRAY SPEAKER,1046.2,JP,8518220090,20.3,,,,,
SR-CL8,CLUSTER BRACKET,76.08,JP,8518900099,1.7,,,,,
SR-D8-M   CE,ACTIVE LINE ARRAY SPEAKER,3166.8,JP,8518220090,24.3,,,,,
SR-D8-M   CE   A00,ACTIVE LINE ARRAY SPEAKER,3166.8,JP,8518220090,24.3,,,,,
SR-D8-M   CE   A01,ACTIVE LINE ARRAY SPEAKER,3166.8,JP,8518220090,24.3,,,,,
SR-D8-S   CE,ACTIVE LINE ARRAY SPEAKER,3046.4,JP,8518220090,24.3,,,,,
SR-D8CL,WALL MOUNTING ADAPTER,61.04,JP,7326909890,0.91,,,,,
SR-D8CS,WALL MOUNTING ADAPTER,33.6,JP,7326909890,0.275,,,,,
SR-D8EP,EXTENSION PLATE,119.28,JP,7326909890,3.1,,,,,
SR-D8FB,FIXING BAR,36.4,JP,7326909890,0.16,,,,,
SR-D8HB,HOISTING BRACKET,126,JP,7326909890,2.6,,,,,
SR-D8WB,WALL MOUNTING BRACKET,305.2,JP,7326909890,5.7,,,,,
SR-EP3,EXTENSION PLATE,44.8,JP,8518900099,1.38,,,,,
SR-EP4,EXTENSION PLATE,58.8,JP,8302500000,1.27,,,,,
SR-EP4WP,EXTENSION PLATE,55.44,JP,8518900099,1.1,,,,,
SR-FB3,FLYING BRACKET,39.2,JP,8518900099,0.79,,,,,
SR-FB4,FLYING BRACKET,94.64,JP,8518220090,3.3,,,,,
SR-FS4,FLOOR STAND,389.2,JP,8518900099,13.5,,,,,
SR-H2L,LINE ARRAY SPEAKER,210,JP,8518220090,5.18,,,,,
SR-H2S,LINE ARRAY SPEAKER,235.2,JP,8518220090,5.2,,,,,
SR-H3L,LINE ARRAY SPEAKER,322,JP,8518220090,8.6,,,,,
SR-H3S,LINE ARRAY SPEAKER,352.8,JP,8518220090,9.65,,,,,
SR-PP4,PROTECTION PAD,8.4,JP,8518900099,0.08,,,,,
SR-RF12,RIGGING FRAME,538.72,JP,8518900099,25,,,,,
SR-RF12WP,RIGGING FRAME,812,JP,8518900099,24.7,,,,,
SR-S4L,LINE ARRAY SPEAKER,672,JP,8518220090,19.5,,,,,
SR-S4LEB-Q36600,LINE ARRAY SPEAKER,753.2,JP,8518220090,0,,,,,
SR-S4LEB-Q39300,LINE ARRAY SPEAKER,753.2,JP,8518220090,0,,,,,
SR-S4LEB-Q39400,LINE ARRAY SPEAKER,753.2,JP,8518220090,0,,,,,
SR-S4LWP,LINE ARRAY SPEAKER,784,JP,8518220090,18.9,,,,,
SR-S4S,LINE ARRAY SPEAKER,700,JP,8518220090,19.4,,,,,
SR-S4SEB-Q36600,LINE ARRAY SPEAKER,753.2,JP,8518220090,0,,,,,
SR-S4SEB-Q39300,LINE ARRAY SPEAKER,753.2,JP,8518220090,0,,,,,
SR-S4SEB-Q39400,LINE ARRAY SPEAKER,753.2,JP,8518220090,0,,,,,
SR-S4SEB-Q40000,LINE ARRAY SPEAKER,753.2,JP,8518220090,0,,,,,
SR-S4SWP,LINE ARRAY SPEAKER,840,JP,8518220090,19.4,,,,,
SR-SA3,STAND ADAPTER,72.8,JP,8518900099,1.57,,,,,
SR-SA4,STAND ADAPTER,55.44,JP,8518900099,2,,,,,
SR-T5,LINE ARRAY SPEAKER,1080.8,JP,8518220090,36.55,,,,,
SR-TB3,WALL TILT BRACKET,72.8,JP,7326909890,1.52,,,,,
SR-TB4,WALL TILT BRACKET,109.2,JP,8302500000,4.3,,,,,
SR-TB4WP,WALL TILT BRACKET,114.8,JP,8518900099,4,,,,,
SR-TP12,TILT JOINT PLATE,153.44,JP,8518900099,3.9,,,,,
SR-WB3,WALL MOUNTING BRACKET,28,JP,7326909890,0.42,,,,,
SR-WB4,WALL MOUNTING BRACKET,221.2,JP,8518900099,5,,,,,
SR-WB4WP,WALL MOUNTING BRACKET,221.2,JP,8518900099,4.7,,,,,
SRK600         QO,1U x 560 mm Support Rails (Pair),7.52,GB,85189000,0,,,,,
SS-9001,SPEAKER SELECTOR,39.38,CN,8536501199,0.74,,,,,
SS-9012   EB,SPEAKER SELECTOR FOR M-9000M2,154.88,,8537109090,2.4,,,,,
ST-16A,SPEAKER STAND,87,CN,8518900099,2.2,,,,,
ST-230BUK      QO,Universal Speaker Stand  Black,31.4,GB,8518109590,0,,,,,
ST-230UK       QO,Universal Speaker Stand,30.7,GB,8518109590,0,,,,,
ST-321B,MICROPHONE STAND,48.82,CN,8518100090,3.2,,,,,
ST-65A,MICROPHONE STAND,18,CN,8518100090,1.1,,,,,
ST-66,MICROPHONE STAND,21.01,,8518100090,1.3,,,,,
ST-66A,MICROPHONE STAND,24,CN,8518100090,1.22,,,,,
ST-73A,MICROPHONE STAND,69.24,TW,8518100090,2.8,,,,,
ST-800,MICROPHONE STAND,55.13,TW,8518100090,0.87,,,,,
ST-800         A00,MICROPHONE STAND,65.63,TW,8518100090,0.87,,,,,
SV-200M,SURVEILLANCE BOARD,105.56,,9030331090,0.12,,,,,
SV-200MA,SURVEILLANCE BOARD TYPE A,112.88,TW,8517700000,0.2,,,,,
SVMM           QO,2  Message Card for CCU (Optional),160,GB,85189000,0,,,,,
SVMM/C         QO,Customer Message Card for CCU (Optional),467,GB,85189000,0,,,,,
SX-2000AO,SX-2000 AUDIO OUTPUT UNIT,2715.9,JP,8518400090,7.6,,,,,
SX-2000AO      A01,SX-2000 AUDIO OUTPUT UNIT,2715.9,JP,8518408099,7.6,,,,,
SX-2000CI,CONTROL INPUT UNIT,634.87,JP,8518400090,5,,,,,
SX-2000CO,CONTROL OUTPUT UNIT,634.87,JP,8518400090,5,,,,,
SX-2000SM,SX-2000 SYSTEM MANAGER,1663.78,JP,8518400090,6,,,,,
SX-2000SM      A01,SX-2000 SYSTEM MANAGER,1663.78,JP,8518408099,6,,,,,
SX-200IP,IP INTERFACE MODULE,539.4,JP,8518408099,0.3,,,,,
SX-200IP       A01,IP INTERFACE MODULE,539.4,JP,8518408099,0.3,,,,,
SX-200RM,REMOTE MICROPHONE INTERFACE MODULE,313.29,JP,8518400090,0.26,,,,,
SX-2100AI,SX-2100 AUDIO INPUT UNIT,1838.8,JP,8518400090,8.75,,,,,
SX-2100AI      A01,SX-2100 AUDIO INPUT UNIT,1838.8,JP,8518408099,8.75,,,,,
SX-2100AO,SX-2100 AUDIO OUTPUT UNIT,3162.37,JP,8518400090,8.55,,,,,
SX-2100AO      A00,SX-2100 AUDIO OUTPUT UNIT,3162.37,JP,8518408099,8.55,,,,,
SX-2100AO      A01,SX-2100 AUDIO OUTPUT UNIT,3162.37,JP,8518408099,8.55,,,,,
T-001T,9000 SERIES PLUG-IN MODULE,72.98,CN,8518400090,0.12,,,,,
T-001T         B00,9000 SERIES PLUG-IN MODULE,62.48,CN,8518408099,0.12,,,,,
T-BEZ301       QO,Red Flush Bezel for THS1-E/MK4 & ET/MK4,11,GB,85189000,0,,,,,
TC-615,REFLEX HORN SPEAKER,60.38,ID,8518210000,3.7,,,,,
TC-615M,REFLEX HORN SPEAKER,68.25,ID,8518210000,3.8,,,,,
TC-630,REFLEX HORN SPEAKER,51.21,,8518210000,5,,,,,
TC-631,REFLEX HORN SPEAKER,76.13,ID,8518210000,4.1,,,,,
TC-631M,REFLEX HORN SPEAKER,84,ID,8518210000,5.64,,,,,
TC-651M,REFLEX HORN SPEAKER,89.25,ID,8518210000,5.6,,,,,
TH-650,REFLEX HORN,57.75,ID,8518210000,3.2,,,,,
TH-660,REFLEX HORN,65.63,ID,8518210000,3.7,,,,,
THS1-E/MK4     QO,Fire Telephone Outstation c/w red case,143,GB,85182100,0,,,,,
TK-712A,"CONFERENCE SYSTEM CASE, 12 UNITS",186.75,,4202191000,7.3,,,,,
TK-776,Conference Case  TS-770,285.52,,4202191000,7,,,,,
TK-778,Conference Case  TS-770,285.52,,4202191000,7.8,,,,,
TK-906,Conference Case  TS-800/900  6 Units,248.02,,4202191000,8.75,,,,,
TK-908,Conference Case  TS-800/900  8 Units,248.02,,4202191000,8.75,,,,,
TS-770    CE,CENTRAL UNIT,364.88,CN,8517692000,5.6,,,,,
TS-771,CHAIRMAN UNIT,125.48,CN,8517692000,1.1,,,,,
TS-772,DELEGATE UNIT,130.73,CN,8517692000,1.1,,,,,
TS-773,STANDARD MICROPHONE UNIT,51.98,CN,8518100090,0.34,,,,,
TS-774,LONG MICROPHONE UNIT,78.23,CN,8518100090,0.35,,,,,
TS-775,REMOTE DELEGATE INTERFACE UNIT,207.38,CN,8517692000,1.1,,,,,
TS-780    CE-GBE00,CENTRAL UNIT,627.38,VN,8517692000,4.12,,,,,
TS-781         E00,CHAIRMAN UNIT,156.98,VN,8517692000,1.01,,,,,
TS-782         E00,DELEGATE UNIT,130.73,VN,8517692000,1.01,,,,,
TS-800    CE,CENTRAL UNIT,732.38,VN,8517620090,4.25,,,,,
TS-801    CE,CHAIRMAN UNIT,275.63,VN,8517620090,0.76,,,,,
TS-801    CE   E00,CHAIRMAN UNIT,275.63,VN,8517620090,0.77,,,,,
TS-802    CE,DELEGATE UNIT,270.38,VN,8517620090,0.76,,,,,
TS-802    CE   E00,DELEGATE UNIT,270.38,VN,8517620090,0.76,,,,,
TS-802    Y    E00,DELEGATE UNIT,270.38,VN,8517620090,0.75,,,,,
TS-811,CHAIRMAN UNIT,256.73,VN,8517620090,0.76,,,,,
TS-812,DELEGATE UNIT,251.48,VN,8517620090,0.76,,,,,
TS-820      1CEE00,CENTRAL UNIT,837.38,VN,8517620090,4.4,,,,,
TS-820      4CEE00,CENTRAL UNIT,837.38,VN,8517620090,4.4,,,,,
TS-820RC    1CEE00,CENTRAL UNIT,968.63,VN,8517620090,4.4,,,,,
TS-820RC    4CEE00,CENTRAL UNIT,968.63,VN,8517620090,4.5,,,,,
TS-821      Y  E00,CHAIRMAN UNIT,338.63,VN,8517620090,0.85,,,,,
TS-822      Y  E00,DELEGATE UNIT,312.38,VN,8517620090,0.85,,,,,
TS-900    CE,CENTRAL UNIT,777.71,VN,8517620090,4.25,,,,,
TS-901    CE,CHAIRMAN UNIT,293.48,VN,8517620090,0.76,,,,,
TS-901    CE   E01,CHAIRMAN UNIT,293.48,VN,8517620090,0.78,,,,,
TS-902    CE,DELEGATE UNIT,288.23,VN,8517620090,0.75,,,,,
TS-902    CE   E01,DELEGATE UNIT,288.23,VN,8517620090,0.78,,,,,
TS-903,STANDARD MICROPHONE UNIT,36.23,VN,8517620090,0.3,,,,,
TS-903         E00,STANDARD MICROPHONE UNIT,36.23,VN,8517620090,0.3,,,,,
TS-904,LONG MICROPHONE UNIT,57.23,VN,8518100090,0.3,,,,,
TS-904         E00,LONG MICROPHONE UNIT,57.23,VN,8518100090,0.3,,,,,
TS-905,TRANSMITTER RECEIVER,296.63,VN,8517620090,0.66,,,,,
TS-905    CE,TRANSMITTER RECEIVER,296.63,VN,8517620090,0.66,,,,,
TS-907,INFRARED TRANSMITTER/RECEIVER,341.25,VN,8517620090,0.65,,,,,
TS-910    CE,CENTRAL UNIT,732.38,VN,8517620090,4.45,,,,,
TS-910    CE-GB,CENTRAL UNIT,732.38,VN,8517620090,4.49,,,,,
TS-911,CHAIRMAN UNIT,277.73,VN,8517620090,0.76,,,,,
TS-912,DELEGATE UNIT,272.48,VN,8517692000,0.76,,,,,
TS-918    CE-GB,EXPANSION UNIT,238.88,VN,8517692000,2.84,,,,,
TS-919B1,BRIDGE UNIT,55.13,VN,8517692000,0.1,,,,,
TS-919B4,BRIDGE UNIT,109.73,VN,8517692000,0.24,,,,,
TS-920RC    4CEE00,CENTRAL UNIT,1047.38,VN,8517620090,4.5,,,,,
TS-921      Y  E00,CHAIRMAN UNIT,375.38,VN,8517620090,0.85,,,,,
TS-922      Y  E00,DELEGATE UNIT,359.63,VN,8517620090,0.85,,,,,
TS-923         100,STANDARD MICROPHONE UNIT,102.38,VN,8517620090,0.25,,,,,
TS-924         100,LONG MICROPHONE UNIT,112.88,VN,8518109590,0.29,,,,,
TS-D1000-CU Y  E00,CHAIRMAN UNIT,236.25,VN,8517620090,1.2,,,,,
TS-D1000-CU Y  E01,CHAIRMAN UNIT,236.25,VN,8517620090,1.2,,,,,
TS-D1000-DU Y  E00,DELEGATE UNIT,223.13,VN,8517620090,1.2,,,,,
TS-D1000-DU Y  E01,DELEGATE UNIT,223.13,VN,8517620090,1.2,,,,,
TS-D1000-EX 1CEE00,EXTENSION UNIT,207.38,VN,8517692000,1.2,,,,,
TS-D1000-EX 4CEE00,EXTENSION UNIT,207.38,VN,8517692000,1.2,,,,,
TS-D1000-M1    E00,STANDARD MICROPHONE,51.98,VN,8517620090,0.305,,,,,
TS-D1000-M2    E00,LONG MICROPHONE,78.23,VN,8518109590,0.37,,,,,
TS-D1000-MU 4CEE00,MASTER CONTROL UNIT,994.88,VN,8517620090,3.8,,,,,
TS-D1000-SU 4CEE00,SUB CONTROL UNIT,679.88,VN,8517620090,2.9,,,,,
TS-D1100-MC Y  E00,MICROPHONE UNIT,1,VN,8517620090,0.9,,,,,
TS-D1100-MU 4CEE00,MASTER CONTROL UNIT,1047.38,VN,8517620090,3.9,,,,,
TS-D1100-SP Y  E00,SPEAKER UNIT,1,VN,8517620090,0.9,,,,,
TU-631,DRIVER UNIT (FOR SPEAKER),23.63,ID,8518210000,1.7,,,,,
TU-631M,DRIVER UNIT (FOR SPEAKER),31.5,ID,8518210000,2.6,,,,,
TU-651,DRIVER UNIT (FOR SPEAKER),28.88,ID,8518210000,2.3,,,,,
TU-651M,DRIVER UNIT (FOR SPEAKER),36.75,ID,8518210000,2.9,,,,,
TU-660         F00,DRIVER UNIT 60W,42,ID,8518210000,2.4,,,,,
TU-660M        F00,DRIVER UNIT 60W (WITH TRANSFORMER),52.5,ID,8518210000,2.8,,,,,
TZ-105,COLUMN SPEAKER,57.46,ID,8518220090,4.2,,,,,
TZ-200BS-EB    D00,20W COLUMN SPEAKER,259.88,TW,8518210000,0,,,,,
TZ-205,COLUMN SPEAKER,84.32,ID,8518220090,6,,,,,
TZ-206B   Q-TEE,COLUMN SPEAKER,47.25,ID,8518220090,2,,,,,
TZ-206BWP Q-TEE,COLUMN SPEAKER,57.75,ID,8518220090,2,,,,,
TZ-206W   Q-TEE,COLUMN SPEAKER,47.25,ID,8518220090,2,,,,,
TZ-206WWP Q-TEE,COLUMN SPEAKER,57.75,ID,8518220090,2,,,,,
TZ-30-EB       100,COLUMN SPEAKER,91.88,CN,8518220090,2.22,,,,,
TZ-400BS-EB    D00,40W COLUMN SPEAKER,364.88,TW,8518210000,0,,,,,
TZ-406B   Q-TEE,COLUMN SPEAKER,78.75,ID,8518220090,4.7,,,,,
TZ-406BWP Q-TEE,COLUMN SPEAKER,102.38,ID,8518220090,4.7,,,,,
TZ-406W   Q-TEE,COLUMN SPEAKER,78.75,ID,8518220090,4.7,,,,,
TZ-406WWP Q-TEE,COLUMN SPEAKER,102.38,ID,8518220090,4.7,,,,,
TZ-50-EB       100,COLUMN SPEAKER,144.38,CN,8518220090,4.22,,,,,
TZ-606B   Q-TEE,COLUMN SPEAKER,131.25,ID,8518220090,6.5,,,,,
TZ-606BWP Q-TEE,COLUMN SPEAKER,154.88,ID,8518220090,6.5,,,,,
TZ-606W   Q-TEE,COLUMN SPEAKER,131.25,ID,8518220090,6.5,,,,,
TZ-606WWP Q-TEE,COLUMN SPEAKER,154.88,ID,8518220090,6.5,,,,,
U-01F,AUX PREAMPLIFIER MODULE,28.17,CN,8518400090,0.11,,,,,
U-03R,AUX PREAMPLIFIER MODULE,28.17,CN,8518400090,0.1,,,,,
U-61S     T,AUX PRIAMPLIFIER MODULE,34.98,CN,8518400090,0.09,,,,,
UC-4SC615   Q  E00,Network Horn Speaker,251.4,ID,8518210000,2.1,,,,,
UC-4SC615   Q  E01,Network Horn Speaker,251.4,ID,8518210000,2.1,,,,,
UK LEAD        QO,PRO ELEC  PE01063  2m UK Plug to IEC C13,3.75,GB,8544429090,0,,,,,
V-1000B,MIXER FRAME,89.32,TW,8518900099,4.45,,,,,
V-1002B,BLANK PANEL 2U,6.87,TW,8302500000,0.09,,,,,
V-1054B,AUX AMP MODULE,33.73,TW,8518400090,0.21,,,,,
V-1082B,POWER SUPPLY MODULE,89.32,TW,8504408290,1.71,,,,,
V-1254B,LINE INPUT MODULE (TRANS),35.42,TW,8518400090,0.22,,,,,
VM-2120   ER,120W SYSTEM MANAGING AMP,398.48,CN,8518408099,12.5,,,,,
VM-2120   UK,120W SYSTEM MANAGING AMP,417.38,CN,8518400090,12.5,,,,,
VM-2120   UK   D00,120W SYSTEM MANAGING AMP,469.88,CN,8518408099,12.5,,,,,
VM-2120   UK   D01,120W SYSTEM MANAGING AMP,498.75,TW,8518408099,12.5,,,,,
VM-2240   ER   D00,240W SYSTEM MANAGING AMP,459.38,TW,8518408099,17.9,,,,,
VM-2240   UK,240W SYSTEM MANAGING AMP,443.63,CN,8518400090,17.8,,,,,
VM-2240   UK   D00,240W SYSTEM MANAGING AMP,522.38,CN,8518408099,17.8,,,,,
VM-2240   UK   D01,240W SYSTEM MANAGING AMP,551.25,TW,8518408099,17.8,,,,,
VM-300SV,END OF LINE MODULE,13.2,TW,9030333090,0.06,,,,,
VM-3240E  CE,VM EXTENSION AMPLIFIER 240W,903,CN,8518400090,21.5,,,,,
VM-3240E  CE-GB,VM EXTENSION AMPLIFIER 240W,903,CN,8518400090,21.5,,,,,
VM-3240E  CE-GBD00,VM EXTENSION AMPLIFIER 240W,957,TW,8518400090,21.45,,,,,
VM-3240VA CE,VOICE ALARM SYSTEM AMPLIFIER 240W,1043.4,CN,8518400090,21.5,,,,,
VM-3240VA CE   D00,VOICE ALARM SYSTEM AMPLIFIER 240W,1043.4,CN,8518408099,21.92,,,,,
VM-3240VA CE-GB,VOICE ALARM SYSTEM AMPLIFIER 240W,1043.4,CN,8518400090,21.5,,,,,
VM-3240VA CE-GBD00,VOICE ALARM SYSTEM AMPLIFIER 240W,1197,CN,8518408099,22.14,,,,,
VM-3360E  CE,VM EXTENSION AMPLIFIER 360W,977.4,CN,8518400090,24,,,,,
VM-3360E  CE-GB,VM EXTENSION AMPLIFIER 360W,1137,CN,8518400090,24,,,,,
VM-3360VA CE,VOICE ALARM SYSTEM AMPLIFIER 360W,1155,CN,8518400090,24,,,,,
VM-3360VA CE   D00,VOICE ALARM SYSTEM AMPLIFIER 360W,1155,CN,8518408099,24.98,,,,,
VM-3360VA CE-GB,VOICE ALARM SYSTEM AMPLIFIER 360W,1155,CN,8518400090,24,,,,,
VM-3360VA CE-GBD00,VOICE ALARM SYSTEM AMPLIFIER 360W,1377,TW,8518408099,25.37,,,,,
VP-1061   CE,POWER AMPLIFIER 60W,291.38,CN,8518400090,8.4,,,,,
VP-1061   CE-GB,POWER AMPLIFIER 60W,291.38,CN,8518400090,8.4,,,,,
VP-1121   CE   C00,POWER AMPLIFIER 120W,336,CN,8518400090,10.8,,,,,
VP-1121   CE-GB,POWER AMPLIFIER 120W,336,CN,8518400090,10.8,,,,,
VP-1241   CE   C00,POWER AMPLIFIER 240W,490.88,CN,8518408099,16.9,,,,,
VP-1241   CE-GB,POWER AMPLIFIER 240W,490.88,CN,8518400090,16.9,,,,,
VP-1241   CE-GBC00,POWER AMPLIFIER 240W,490.88,CN,8518408099,16.9,,,,,
VP-1361   CE-GB,POWER AMPLIFIER 360W,611.63,CN,8518400090,19.7,,,,,
VP-200VX,POWER AMP. INPUT MODULE,17.86,CN,8518400090,0.08,,,,,
VP-200VX  BGM,INPUT MODULE,49.47,TW,8518408099,0.08,,,,,
VP-2064,POWER AMPLIFIER 4*60W,348.51,CN,8518400090,14.3,,,,,
VP-2064   INCL,POWER AMPLIFIER,454.81,CN,8518400090,14.3,,,,,
VP-2122,POWER AMPLIFIER 2*120W,345.39,CN,8518400090,12.2,,,,,
VP-2122   INCL,POWER AMPLIFIER,415.65,CN,8518400090,12.2,,,,,
VP-2241,POWER AMPLIFIER 1*240W,342.89,CN,8518400090,11.2,,,,,
VP-2241   INCL,POWER AMPLIFIER,406.88,CN,8518400090,11.2,,,,,
VP-2421,POWER AMPLIFIER 1*420W,476.55,CN,8518400090,12.6,,,,,
VP-2421   INCL,POWER AMPLIFIER,559.13,CN,8518400090,12.6,,,,,
VP-3154,DIGITAL POWER AMPLIFIER 4*150W,762.3,CN,8518400090,9.7,,,,,
VP-3154        D00,DIGITAL POWER AMPLIFIER 4*150W,762.3,CN,8518408099,9.72,,,,,
VP-3304,DIGITAL POWER AMPLIFIER 4*300W,1097.25,CN,8518400090,9.7,,,,,
VP-3504,DIGITAL POWER AMPLIFIER 4*500W,1703.63,CN,8518400090,10.3,,,,,
VR-1001B,PAGING MICROPHONE,63.7,ID,8518100090,0.7,,,,,
VR-1010,REMOTE MICROPHONE,282.3,JP,8518100090,1.6,,,,,
VR-1020,REMOTE MICROPHONE,321.03,JP,8518100090,1.6,,,,,
VSX-2000OP-SW,VX-SX Operation Software Kit,480,,8517699000,0,,,,,
VX-015DA       C00,DIGITAL POWER AMPLIFIER MODULE 150W,223.13,CN,8504405590,1.86,,,,,
VX-015DA       C01,DIGITAL POWER AMPLIFIER MODULE 150W,223.13,CN,8504405590,1.86,,,,,
VX-015DA       D00,DIGITAL POWER AMPLIFIER MODULE 150W,223.13,TW,8504406090,1.9,,,,,
VX-030DA       C00,DIGITAL POWER AMPLIFIER MODULE 300W,296.63,CN,8504405590,1.91,,,,,
VX-030DA       C01,DIGITAL POWER AMPLIFIER MODULE 300W,296.63,CN,8504405590,1.91,,,,,
VX-030DA       D00,DIGITAL POWER AMPLIFIER MODULE 300W,296.63,TW,8504406090,1.9,,,,,
VX-050DA       C00,DIGITAL POWER AMPLIFIER MODULE 500W,370.13,CN,8504405590,1.96,,,,,
VX-050DA       C01,DIGITAL POWER AMPLIFIER MODULE 500W,370.13,CN,8504405590,1.96,,,,,
VX-050DA       D00,DIGITAL POWER AMPLIFIER MODULE 500W,370.13,TW,8504406090,2,,,,,
VX-2000,SYSTEM MANAGER,1047.71,CN,8517699000,8.7,,,,,
VX-2000DS ER   D00,EMERGENCY POWER SUPPLY,417.38,CN,8504405590,13.9,,,,,
VX-2000DS UK,EMERGENCY POWER SUPPLY,417.38,CN,8504405590,13.9,,,,,
VX-2000DS UK   C00,EMERGENCY POWER SUPPLY,417.38,CN,8504405590,13.9,,,,,
VX-2000DS UK   D00,EMERGENCY POWER SUPPLY,417.38,CN,8504405590,13.9,,,,,
VX-2000PF,POWER SUPPLY FRAME,76.13,CN,8518900099,7,,,,,
VX-2000SF,SURVEILLANCE FRAME,686.34,CN,9030333090,8.1,,,,,
VX-200PS  UK,POWER SUPPLY UNIT,193.73,CN,8504409020,15.2,,,,,
VX-200SE,EQUALISER CARD,112.67,TW,8518400090,0.07,,,,,
VX-200SI,CONTROL INPUT MODULE,134.66,TW,8517700000,0.33,,,,,
VX-200SO,CONTROL OUTPUT MODULE,180,TW,8518400090,0.38,,,,,
VX-200SP,IMPEDANCE DETECTION MOD.,92.75,TW,8517700000,0.38,,,,,
VX-200SP       D00,IMPEDANCE DETECTION MOD.,92.75,TW,8517700000,0.38,,,,,
VX-200SP-2,END OF LINE MODULE,102.37,TW,9030333090,0.37,,,,,
VX-200SP-2     D00,END OF LINE MODULE,102.37,TW,9030333090,0.37,,,,,
VX-200SP-ANC,VX-2000 Series Return Loop Module,330.75,TW,8518400090,0.38,,,,,
VX-200SZ,IMPEDANCE DETECTION MOD.,133.28,TW,9030333090,0.46,,,,,
VX-200SZ-2,IMPEDANCE DETECTION MODULE WITH ABWIRING,169.7,TW,8517700000,0.45,,,,,
VX-200XI,AUDIO INPUT MOD. W/CTRL,60.46,TW,8517700000,0.09,,,,,
VX-200XR,REMOTE MIC. INPUT MODULE,67.33,TW,8517700000,0.09,,,,,
VX-3000CT      D00,CONTROL PANEL,574.88,TW,8504405590,4.15,,,,,
VX-3000DS CE-GB,POWER SUPPLY MANAGER,1572.38,CN,8504405590,15.5,,,,,
VX-3000DS CE-GBD00,POWER SUPPLY MANAGER,1572.38,TW,8504406090,15.57,,,,,
VX-3000PM      A00,PREAMP MATRIX PANEL,889.88,JP,8504405590,4.77,,,,,
VX-3004F       C00,VOICE EVACUATION FRAME 4AB,1189.13,CN,8504405590,10.41,,,,,
VX-3004F       C01,VOICE EVACUATION FRAME 4AB,1189.13,CN,8504405590,10.46,,,,,
VX-3004F       D00,VOICE EVACUATION FRAME 4AB,1257.38,TW,8504406090,10.45,,,,,
VX-3008F       C00,VOICE EVACUATION FRAME 8SS,1304.63,CN,8504405590,10.71,,,,,
VX-3008F       C01,VOICE EVACUATION FRAME 8SS,1304.63,CN,8504405590,10.77,,,,,
VX-3008F       D00,VOICE EVACUATION FRAME 8SS,1414.88,CN,8504405590,10.76,,,,,
VX-300LO       D00,LINE OUTPUT MODULE,102.38,TW,8504405590,0.102,,,,,
VX-300SM-EB    C00,VX-3000 3 Wires end of Line Monitor,76.13,CN,8504405590,0.25,,,,,
VX-300SV-EB    C00,VM/VX 3-WIRES END OF LINE MODULE,30.98,CN,8504405590,0.28,,,,,
VX-3016F       C00,VOICE EVACUATION FRAME 16SS,1456.88,CN,8504405590,11.04,,,,,
VX-3016F       C01,VOICE EVACUATION FRAME 16SS,1456.88,CN,8504405590,11.09,,,,,
VX-3016F       D00,VOICE EVACUATION FRAME 16SS,1548.75,CN,8504405590,11.1,,,,,
VX-3065BB      D00,BATTERY BOX,472.5,CN,8504405590,16.47,,,,,
VX-3065BB   Q  C00,BATTERY BOX,433.13,CN,8504405590,17.3,,,,,
VX-3150DS   HCED00,POWER SUPPLY MANAGER,994.88,TW,8504406090,12.05,,,,,
VX-3150DS-EB   C00,Power Supply Manager,942.38,CN,8504405590,14.1,,,,,
VX-3308WM   -CED00,WALL-MOUNT VOICE EVACUATION SYSTEM,3094.88,CN,8504405590,37.95,,,,,
VX-3308WM   Q  C00,VOICE EVACUATION WALL MOUNT,3082.28,CN,8504405590,39.5,,,,,
VX-RJB         QO,RJ45 - Screw Terminal Adapter,18.38,TW,8533390000,0,,,,,
VX015DANETG    QO,Digital Amp Netgate,1,CN,8504405590,0,,,,,
VX030DANETG    QO,Digital Amp Netgate,1,CN,8504405590,0,,,,,
VX050DANETG    QO,Digital Amp Netgate,1,CN,8504405590,0,,,,,
WA-1822   UK,MEETING AMPLIFIER,173.01,CN,8518400090,7.9,,,,,
WA-1822C  UK,MEETING AMPLIFIER,256.7,CN,8519817000,8.5,,,,,
WB-2000-2 Y,RECHARGEABLE BATTERY,15.75,JP,8507500090,0.07,,,,,
WB-2000-2 Y    A00,RECHARGEABLE BATTERY,15.75,JP,8507500090,0.07,,,,,
WB-RM200,WALL MOUNTING BRACKET,25.73,TW,7326909890,0.16,,,,,
WB-RM500       E00,WALL MOUNTING BRACKET,78.23,VN,7326909890,0.28,,,,,
WD-4800   UK,ANTENNA DISTRIBUTOR,136.73,TW,8529108090,4.3,,,,,
WD-5800     1CED00,ANTENNA DISTRIBUTOR,141.23,TW,8529108090,3.5,,,,,
WD-5800     4CED00,ANTENNA DISTRIBUTOR,165.38,TW,8529108090,3.5,,,,,
WG-D100R-EB WD4D00,DIGITAL WIRELESS GUIDE RECEIVER,78.75,TW,8517693000,0.038,,,,,
WG-D100SK-EB   D00,DIGITAL WIRELESS GUIDE SYNC KIT,181.13,TW,8517693000,0.12,,,,,
WG-D100T-EB WD4D00,DIGITAL WIRELESS GUIDE TRANSMITTER,81.38,TW,8517693000,0.15,,,,,
WG-TC12A-EB    D00,BATTERY CHARGER,207.38,TW,8504405590,1.11,,,,,
WH-4000A,HEAD SET MICROPHONE,34.13,TW,8518100090,0.18,,,,,
WH-4000H,HEAD SET MICROPHONE,28.88,TW,8518100090,0.18,,,,,
WH-4000P,MICROPHONE WAIST HOLDER,13.13,TW,8518900099,0.15,,,,,
WH-4000S,MIC.WINDSCREEN(10PCS/SET),15.75,TW,8518900099,0.05,,,,,
WM-1420,WIRELESS MIC PRESS TALK TYPE,113.98,,85181095,0.25,,,,,
WM-3210   D02,WIRELESS MICROPHONE,77.27,TW,8518109590,0.42,,,,,
WM-3210   D06,WIRELESS MICROPHONE,77.27,TW,8518100090,0.42,,,,,
WM-3220   D06,WIRELESS MICROPHONE,74.89,TW,8517693000,0.42,,,,,
WM-3310   D06,WIRELESS MICROPHONE,74.89,TW,8517693000,0.29,,,,,
WM-3310H  D06,WIRELESS MICROPHONE,95.5,TW,8518109590,0.42,,,,,
WM-4200   D02,WIRELESS MICROPHONE,113.98,TW,8518100090,0.55,,,,,
WM-5220,UHF Condenser Cardioid Handheld Mic,68.08,,8518109590,6,,,,,
WM-5220   D01,WIRELESS MICROPHONE,68.08,TW,8518100090,0.35,,,,,
WM-5220   D02,WIRELESS MICROPHONE,68.08,TW,8518100090,0.35,,,,,
WM-5220   D04,WIRELESS MICROPHONE,68.08,TW,8518100090,0.35,,,,,
WM-5225   D02,Handheld wireless microphone from D04,83.48,TW,8517693000,0.35,,,,,
WM-5225   D04,WIRELESS MICROPHONE,91.88,TW,8517693000,0.35,,,,,
WM-5225   G01,WIRELESS MICROPHONE,91.88,TW,8518100090,0.35,,,,,
WM-5265   D04,WIRELESS MICROPHONE,112.88,TW,8518100090,0.41,,,,,
WM-5265   G01,WIRELESS MICROPHONE,112.88,TW,8518100090,0.41,,,,,
WM-5270   B01,WIRELESS MICROPHONE,162.23,TW,8518109590,0.65,,,,,
WM-5270   D02,WIRELESS MICROPHONE,162.23,TW,8517693000,0.65,,,,,
WM-5270   D04,WIRELESS MICROPHONE,162.23,TW,8517693000,0.65,,,,,
WM-5270   G01,WIRELESS MICROPHONE,162.23,TW,8518100090,0.65,,,,,
WM-5320,UHF Condenser Omni Lapel Mic + Beltpack,74.32,,8518100090,5.1,,,,,
WM-5320   D01,WIRELESS MICROPHONE,74.32,TW,8518100090,0.26,,,,,
WM-5320   D02,WIRELESS MICROPHONE,74.32,TW,8518100090,0.26,,,,,
WM-5320   D04,WIRELESS MICROPHONE,74.32,TW,8518100090,0.26,,,,,
WM-5320H  D01,WIRELESS MICROPHONE,99.31,TW,8518100090,0.48,,,,,
WM-5320H  D04,WIRELESS MICROPHONE,99.31,TW,8518100090,0.48,,,,,
WM-5325   B01,WIRELESS TRANSMITTER,76.13,TW,85185000,0.26,,,,,
WM-5325   D02,Belt pack transmitter CH69 W/O m/phone,76.13,TW,8517693000,0.26,,,,,
WM-5325   D04,WIRELESS TRANSMITTER,76.13,TW,8517693000,0.26,,,,,
WM-5325   G01,WIRELESS TRANSMITTER,76.13,TW,8517693000,0.26,,,,,
WM-D5200    -G1D00,DIGITAL WIRELESS MICROPHONE,181.13,TW,8518109590,0.49,,,,,
WM-D5300    -G1D00,DIGITAL WIRELESS TRANSMITTER,154.88,TW,8518109590,0.35,,,,,
WP-700-AM      C00,Remote Control Panel,39.38,,8537109899,0.19,,,,,
WP-700-EB      C00, Remote Control Panel,39.38,,8537109899,0.19,,,,,
WP-700-EB      D00,REMOTE CONTROL PANEL,39.38,,8537109899,0.19,,,,,
WS-5200   D02UK,WIRELESS SET,156.31,TW,8517693990,1.36,,,,,
WS-5225   D04UK,WIRELESS SET,207.38,TW,8517693000,1.42,,,,,
WS-5225   G01UK,WIRELESS SET,207.38,TW,8517693000,1.42,,,,,
WS-5265   D04UK,WIRELESS SET,228.38,TW,8517693000,1.42,,,,,
WS-5265   G01UK,WIRELESS SET,228.38,TW,8517693000,1.42,,,,,
WS-5300   D02UK,WIRELESS SET,162.37,TW,8517693000,1.33,,,,,
WS-5300H  D04UK,WIRELESS SET,186.6,TW,8517693000,1.42,,,,,
WS-5325H  D04UK,WIRELESS SET,236.25,TW,8517693000,1.42,,,,,
WS-5325H  G01UK,WIRELESS SET,236.25,TW,8517693000,1.42,,,,,
WS-5325M  D04UK,WIRELESS SET,215.25,TW,8517693000,1.33,,,,,
WS-5325M  G01UK,WIRELESS SET,215.25,TW,8517693000,1.33,,,,,
WS-5325U  D04UK,WIRELESS SET,233.63,TW,8517693000,1.33,,,,,
WS-5325U  G01UK,WIRELESS SET,233.63,TW,8517693000,1.33,,,,,
WT-3800   D06UK,WIRELESS TUNER,127.1,TW,8517693000,1.64,,,,,
WT-3810   D02UK,WIRELESS TUNER,102.37,TW,8517693000,1,,,,,
WT-3810   D06UK,WIRELESS TUNER,102.37,TW,8517693000,1.64,,,,,
WT-5100   D04,PORTABLE RECEIVER,124.43,TW,8517693000,0.204,,,,,
WT-5100   G01,PORTABLE RECEIVER,124.43,TW,8517693000,0.204,,,,,
WT-5800   D02UK,WIRELESS TUNER,183.23,TW,8517693000,1.2,,,,,
WT-5800   D04UK,WIRELESS TUNER,196.88,TW,8517693000,1.4,,,,,
WT-5800   G01UK,WIRELESS TUNER,196.88,TW,8517693000,1.4,,,,,
WT-5805   D02UK,WIRELESS TUNER,141.23,TW,8517693000,1.2,,,,,
WT-5805   D04UK,WIRELESS TUNER,165.38,TW,8517693000,1.4,,,,,
WT-5805   G01UK,WIRELESS TUNER,165.38,TW,8517693000,1.4,,,,,
WT-5810   D01ER,WIRELESS TUNER,104.48,TW,8517693000,1,,,,,
WT-5810   D02UK,WIRELESS TUNER,104.48,TW,8517693000,1,,,,,
WT-5810   D04UK,WIRELESS TUNER,131.25,TW,8517693000,1.2,,,,,
WT-5810   G01UK,WIRELESS TUNER,131.25,TW,8517693000,1.2,,,,,
WT-D5800    GG1D00,DIGITAL WIRELESS RECEIVER,312.38,TW,8518109590,1.28,,,,,
WTU-3800  D06,WIRELESS TUNER UNIT,68.02,TW,8517693000,0.2,,,,,
WTU-4800  D04,WIRELESS TUNER UNIT,102.38,TW,8517693000,0.2,,,,,
WTU-4800  G01,WIRELESS TUNER UNIT,102.38,TW,8517693000,0.2,,,,,
WTU-M9800-EBWG1D00,WIRELESS TUNER UNIT,154.88,TW,8517693000,0.26,,,,,
YA-1000A,FDC UNIT,40.6,JP,9030333090,0.2,,,,,
YA-1000A       A00,FDC UNIT,40.6,JP,9030333090,0.2,,,,,
YA-8,CONNECTION CABLE,14.06,JP,8544200000,0.1,,,,,
YA-920,VOLUME KNOB COVER,0.53,TW,8518900099,0.01,,,,,
YB-121B,RACK MOUNTING BRACKET,49.96,JP,8302420090,2.5,,,,,
YC-150,BACK BOX,9.6,JP,3926909790,0.73,,,,,
YC-150E,BACK BOX,8.33,JP,3926909790,0.46,,,,,
YC-241,BACK BOX FOR YC-240M/S,21,JP,8302420090,1.1,,,,,
YC-251,WALL-MOUNT BOX,63,JP,8302420090,1.3,,,,,
YC-280,WALL MOUNT BRACKET,10.5,JP,8302420090,0.12,,,,,
YC-290,WALL MOUNT BRACKET,9,JP,8302420090,0.1,,,,,
YC-302,2U METAL BACK BOX,9,JP,8302420090,0.4,,,,,
YC-400      Q,4 GANG FLUSH-MOUNT BOX,30,CN,8302420090,0.55,,,,,
YC-801,FLUSH-MOUNT BOX,12,JP,8302420090,0.39,,,,,
YC-802,WALL-MOUNT BOX,21.6,JP,8302420090,0.41,,,,,
YC-822,INDOOR WALL-MOUNT BOX,34.2,CN,8302420090,0.48,,,,,
YC-823,OUTDOOR WALL-MOUNT BOX,58.2,CN,8302420090,0.5,,,,,
YC-823         A00,OUTDOOR WALL-MOUNT BOX,58.2,CN,8302420090,0.5,,,,,
YC-841,BACK BOX,77.4,JP,8302420090,1.3,,,,,
YC-850,INTERFACE UNIT BRACKET,45,JP,8302420090,0.18,,,,,
YF-120B,FREE BOX,54.34,JP,8302420090,3.4,,,,,
YJ-120B,JOINT METAL PLATE,23.74,TW,7308909800,0.83,,,,,
YM-003B,RACK MOUNTING BRACKET,8.75,JP,8302420090,0.38,,,,,
YM-003LB,RACK MOUNTING BRACKET,13.74,JP,8302420090,1.1,,,,,
YP-E5000,ASSIST EARPHONE,24.15,JP,8518109590,0.05,,,,,
YP-M101,TIEPIN TYPE MICROPHONE,29.4,TW,8518100090,0.1,,,,,
YP-M301,HEADSET TYPE MICROPHONE,102.38,JP,8518100090,0.3,,,,,
YP-M301        100,HEADSET TYPE MICROPHONE,102.38,JP,8518100090,0.3,,,,,
YP-M5000E-EB   QO,EARSET MIC W/5000-SERIES TYPE PLUG,63,TW,8518109590,0,,,,,
YP-M5000H-EB   QO,HEADSET MIC W/5000-SERIES TYPE PLUG,63,TW,8518109590,0,,,,,
YP-M5300,UNIDIRECTIONAL LAVALIER MICROPHONE,44.63,TW,8518100090,0.08,,,,,
YP-M5310,OMNIDIRECTIONAL LAVALIER MICROPHONE,22.31,TW,8518100090,0.08,,,,,
YP-MS4E-EB     QO,EARSET MIC W/S4-SERIES PLUG,52.5,TW,8518109590,0,,,,,
YP-MS4H-EB     QO,HEADSET MIC W/S4-SERIES PLUG,49.88,TW,8518109590,0,,,,,
YP-MS5HCX-EB   QO,CONDENSER MICROPHONE CAPSUL,57.75,TW,8518109590,0,,,,,
YP-MS5HDX-EB   QO,DYNAMIC MICROPHONE CAPSUL,52.5,TW,8518109590,0.16,,,,,
YR-1005,CONNECTING CABLE,5,JP,8544200000,0.05,,,,,
YR-1010,CONNECTING CABLE,6.25,JP,8544200000,0.07,,,,,
YR-770-10M,EXTENSION CORD 10M,46.73,CN,8544200000,0.85,,,,,
YR-770-2M,EXTENSION CORD 2M,26.78,CN,8544200000,0.2,,,,,
YR-780-10M,EXTENSION CORD,62.48,VN,8544200000,0.69,,,,,
YR-780-2M,EXTENSION CORD,39.38,VN,8544200000,0.19,,,,,
YR-NF5S        D00,5M EXTENSION CABLE,15.75,TW,8517699090,0.18,,,,,
YS-11A,WALL MOUNTING BOX,1.87,JP,3926909790,0.1,,,,,
YS-13A,WALL-MOUNT BOX,21,JP,8487909090,0.6,,,,,
YS-150WP,SPEAKER HOLDER,18.56,,8302500000,0.6,,,,,
YS-301,BRACKET FOR METAL COLUMN,18.12,JP,8302500000,1.4,,,,,
YS-60B,SPEAKER MOUNT BRACKET,17.06,JP,7326909890,0.9,,,,,
YW-1022   Y,RF DISTRIBUTER,60.38,JP,8529108090,0.24,,,,,
YW-1024   Y,RF DISTRIBUTER,91.88,JP,8529108090,0.24,,,,,
YW-3500,WALL MOUNT ANTENNA,33.67,TW,8529106990,0.5,,,,,
YW-4500,WALL MOUNT ANTENNA,51.98,TW,8517700000,0.45,,,,,
ZM-104A,IMPEDANCE METER,154.88,JP,9030310090,0.8,,,,,
ZM-9001,ZONE MANAGER,26.25,CN,8537109899,0.3,,,,,
ZM-9002,ZONE MANAGER,26.25,CN,8537109899,0.3,,,,,
ZM-9002        B00,ZONE MANAGER,26.25,CN,8537109899,0.3,,,,,
ZM-9003,ZONE MANAGER,36.75,CN,8537109899,0.53,,,,,
ZM-9011,REMOTE CONTROL PANEL,131.25,CN,8537109899,0.32,,,,,
ZM-9011        B00,REMOTE CONTROL PANEL,131.25,JP,8537109899,0.32,,,,,
ZM-9012,REMOTE CONTROL PANEL,125.48,CN,8537109899,0.32,,,,,
ZM-9012        B00,REMOTE CONTROL PANEL,131.25,CN,8537109899,0.32,,,,,
ZM-9013,REMOTE CONTROL PANEL,136.5,CN,8537109899,0.52,,,,,
ZM-9013        B00,REMOTE CONTROL PANEL,136.5,JP,8537109899,0.52,,,,,
ZM-9014,REMOTE CONTROL PANEL,136.5,CN,8537109899,0.52,,,,,
ZM-9014        B00,REMOTE CONTROL PANEL,136.5,JP,8537109899,0.52,,,,,
ZP-001T,9000 SERIES PLUG-IN MODULE,73.5,CN,8537109899,0.19,,,,,
ZP-001T        B00,9000 SERIES PLUG-IN MODULE,73.5,JP,8537109899,0.19,,,,,
ZZ-5G-ROUT-EXT QO,External 5G Router c/w Sim Card Slot,460,GB,65000000,0,,,,,
ZZ-5G-ROUT-INT QO,Internal 5G Router c/w Sim Card Slot,650,GB,65000000,0,,,,,
ZZ-COM-0.5DAY  QO,TOA Commissioning works 1/2 Day Rate,350,GB,65000000,0,,,,,
ZZ-COM-1DAY    QO,TOA Commissioning works Day Rate,650,GB,65000000,0,,,,,
ZZ-COM-OUTHR   QO,"TOA Commissioning works, Out of Hours",1300,GB,65000000,0,,,,,
ZZ-COM-PRE     QO,Pre-Commissioning works 3rd Party,500,GB,65000000,0,,,,,
ZZ-FIBRESWITCH QO,Fibre Switch,650,GB,65000000,0,,,,,
ZZ-MAINT-1DAY  QO,"TOA Maintenance works, Day Rate",650,GB,65000000,0,,,,,
ZZ-MAINT-OUTHR QO,"TOA Maintenance works, Out of Hours",1300,GB,65000000,0,,,,,
ZZ-MESSAGE     QO,Message Recording,60,GB,65000000,0,,,,,
ZZ-ONLINE-FAULTQO,"Online Fault Diagnostics, per hour",50,GB,65000000,0,,,,,
ZZ-ONLINE-PRO  QO,"Online Programming, per half day",150,GB,65000000,0,,,,,
ZZ-PAINTING    QO,Speaker Painting,1,GB,65000000,0,,,,,
ZZ-PROGRAMMING QO,"System Program Writing, per day",400,GB,65000000,0,,,,,
ZZ-REMOTE-L1Y  QO,Annual Remote Licence for AI-300MU,650,,65000000,0,,,,,
